phase,phase_priority,source_group,job_directory,request_name,candidate_id,server_seed,protein_chain_count,requested_peptide,model_cif_count,confidence_json_count,full_data_json_count,cohort,source_path,canonical_job_key,canonical_for_analysis,duplicate_of_source_path,integrity_status
focused_af3_rerun,1,json1folds,ebv_tcell_1392779,EBV_TCELL_1392779,EBV_TCELL_1392779,17,3,FARQAVWLRE,5,5,5,legacy_candidate_pmhc,/Users/anishsharma/Library/Mobile Documents/com~apple~CloudDocs/ebv_ms_publication/Alphafold3_pMHCs/json1folds/ebv_tcell_1392779,EBV_TCELL_1392779|17|FARQAVWLRE,True,,complete_5_of_5
focused_af3_rerun,1,json1folds,ebv_tcell_149795,EBV_TCELL_149795,EBV_TCELL_149795,355905527,3,LDLDFGQLTPHTKAVYQPRG,5,5,5,legacy_candidate_pmhc,/Users/anishsharma/Library/Mobile Documents/com~apple~CloudDocs/ebv_ms_publication/Alphafold3_pMHCs/json1folds/ebv_tcell_149795,EBV_TCELL_149795|355905527|LDLDFGQLTPHTKAVYQPRG,False,/Users/anishsharma/Library/Mobile Documents/com~apple~CloudDocs/ebv_ms_publication/Alphafold3_pMHC_Folds _v1/folds_2026_08_10_19_18/ebv_tcell_149795,complete_5_of_5
focused_af3_rerun,1,json1folds,ebv_tcell_149795_2,EBV_TCELL_149795,EBV_TCELL_149795,3,3,LDLDFGQLTPHTKAVYQPRG,5,5,5,legacy_candidate_pmhc,/Users/anishsharma/Library/Mobile Documents/com~apple~CloudDocs/ebv_ms_publication/Alphafold3_pMHCs/json1folds/ebv_tcell_149795_2,EBV_TCELL_149795|3|LDLDFGQLTPHTKAVYQPRG,True,,complete_5_of_5
focused_af3_rerun,1,json1folds,ebv_tcell_1862913,EBV_TCELL_1862913,EBV_TCELL_1862913,15,3,NILRIYYSPSIMHRYAVVQP,5,5,5,legacy_candidate_pmhc,/Users/anishsharma/Library/Mobile Documents/com~apple~CloudDocs/ebv_ms_publication/Alphafold3_pMHCs/json1folds/ebv_tcell_1862913,EBV_TCELL_1862913|15|NILRIYYSPSIMHRYAVVQP,True,,complete_5_of_5
focused_af3_rerun,1,json1folds,ebv_tcell_2268933,EBV_TCELL_2268933,EBV_TCELL_2268933,5,3,VTNILIYNGWYADS,5,5,5,legacy_candidate_pmhc,/Users/anishsharma/Library/Mobile Documents/com~apple~CloudDocs/ebv_ms_publication/Alphafold3_pMHCs/json1folds/ebv_tcell_2268933,EBV_TCELL_2268933|5|VTNILIYNGWYADS,True,,complete_5_of_5
focused_af3_rerun,1,json1folds,ebv_tcell_63843,EBV_TCELL_63843,EBV_TCELL_63843,1,3,TGGVYHFVKKHVHES,5,5,5,legacy_candidate_pmhc,/Users/anishsharma/Library/Mobile Documents/com~apple~CloudDocs/ebv_ms_publication/Alphafold3_pMHCs/json1folds/ebv_tcell_63843,EBV_TCELL_63843|1|TGGVYHFVKKHVHES,True,,complete_5_of_5
focused_af3_rerun,1,json1folds,ebv_tcell_950,EBV_TCELL_950,EBV_TCELL_950,2,3,AEGLRALLARSHVER,5,5,5,legacy_candidate_pmhc,/Users/anishsharma/Library/Mobile Documents/com~apple~CloudDocs/ebv_ms_publication/Alphafold3_pMHCs/json1folds/ebv_tcell_950,EBV_TCELL_950|2|AEGLRALLARSHVER,True,,complete_5_of_5
focused_af3_rerun,1,json1folds,ebv_tcell_950_2,EBV_TCELL_950,EBV_TCELL_950,849625969,3,AEGLRALLARSHVER,5,5,5,legacy_candidate_pmhc,/Users/anishsharma/Library/Mobile Documents/com~apple~CloudDocs/ebv_ms_publication/Alphafold3_pMHCs/json1folds/ebv_tcell_950_2,EBV_TCELL_950|849625969|AEGLRALLARSHVER,False,/Users/anishsharma/Library/Mobile Documents/com~apple~CloudDocs/ebv_ms_publication/Alphafold3_pMHC_Folds _v1/folds_2026_08_10_19_18/ebv_tcell_950,complete_5_of_5
focused_af3_rerun,1,json1folds,human_myelin_111192,HUMAN_MYELIN_111192,HUMAN_MYELIN_111192,10,3,DENPVVHFFKNIVTPRTPP,5,5,5,legacy_candidate_pmhc,/Users/anishsharma/Library/Mobile Documents/com~apple~CloudDocs/ebv_ms_publication/Alphafold3_pMHCs/json1folds/human_myelin_111192,HUMAN_MYELIN_111192|10|DENPVVHFFKNIVTPRTPP,True,,complete_5_of_5
focused_af3_rerun,1,json1folds,human_myelin_112037,HUMAN_MYELIN_112037,HUMAN_MYELIN_112037,26,3,AQGTLSKIFKLGGRDSRSGSPMARR,5,5,5,legacy_candidate_pmhc,/Users/anishsharma/Library/Mobile Documents/com~apple~CloudDocs/ebv_ms_publication/Alphafold3_pMHCs/json1folds/human_myelin_112037,HUMAN_MYELIN_112037|26|AQGTLSKIFKLGGRDSRSGSPMARR,True,,complete_5_of_5
focused_af3_rerun,1,json1folds,human_myelin_112214,HUMAN_MYELIN_112214,HUMAN_MYELIN_112214,1,3,LSRFSWGAEGQRPGFGYGG,5,5,5,legacy_candidate_pmhc,/Users/anishsharma/Library/Mobile Documents/com~apple~CloudDocs/ebv_ms_publication/Alphafold3_pMHCs/json1folds/human_myelin_112214,HUMAN_MYELIN_112214|1|LSRFSWGAEGQRPGFGYGG,True,,complete_5_of_5
focused_af3_rerun,1,json1folds,human_myelin_112214_2,HUMAN_MYELIN_112214,HUMAN_MYELIN_112214,1405882626,3,LSRFSWGAEGQRPGFGYGG,5,5,5,legacy_candidate_pmhc,/Users/anishsharma/Library/Mobile Documents/com~apple~CloudDocs/ebv_ms_publication/Alphafold3_pMHCs/json1folds/human_myelin_112214_2,HUMAN_MYELIN_112214|1405882626|LSRFSWGAEGQRPGFGYGG,False,/Users/anishsharma/Library/Mobile Documents/com~apple~CloudDocs/ebv_ms_publication/Alphafold3_pMHC_Folds _v1/folds_2026_08_10_19_18/human_myelin_112214,complete_5_of_5
focused_af3_rerun,1,json1folds,human_myelin_112319,HUMAN_MYELIN_112319,HUMAN_MYELIN_112319,16,3,SKIFKLGGRDSRSGSPMARR,5,5,5,legacy_candidate_pmhc,/Users/anishsharma/Library/Mobile Documents/com~apple~CloudDocs/ebv_ms_publication/Alphafold3_pMHCs/json1folds/human_myelin_112319,HUMAN_MYELIN_112319|16|SKIFKLGGRDSRSGSPMARR,True,,complete_5_of_5
focused_af3_rerun,1,json1folds,human_myelin_112603,HUMAN_MYELIN_112603,HUMAN_MYELIN_112603,19,3,MIAATYNFAVLKLMGRGTKF,5,5,5,legacy_candidate_pmhc,/Users/anishsharma/Library/Mobile Documents/com~apple~CloudDocs/ebv_ms_publication/Alphafold3_pMHCs/json1folds/human_myelin_112603,HUMAN_MYELIN_112603|19|MIAATYNFAVLKLMGRGTKF,True,,complete_5_of_5
focused_af3_rerun,1,json1folds,human_myelin_112603_2,HUMAN_MYELIN_112603,HUMAN_MYELIN_112603,885539857,3,MIAATYNFAVLKLMGRGTKF,5,5,5,legacy_candidate_pmhc,/Users/anishsharma/Library/Mobile Documents/com~apple~CloudDocs/ebv_ms_publication/Alphafold3_pMHCs/json1folds/human_myelin_112603_2,HUMAN_MYELIN_112603|885539857|MIAATYNFAVLKLMGRGTKF,False,/Users/anishsharma/Library/Mobile Documents/com~apple~CloudDocs/ebv_ms_publication/Alphafold3_pMHC_Folds _v1/folds_2026_08_10_19_18/human_myelin_112603,complete_5_of_5
focused_af3_rerun,1,json1folds,human_myelin_114765,HUMAN_MYELIN_114765,HUMAN_MYELIN_114765,24,3,DENPVVHFFKN,5,5,5,legacy_candidate_pmhc,/Users/anishsharma/Library/Mobile Documents/com~apple~CloudDocs/ebv_ms_publication/Alphafold3_pMHCs/json1folds/human_myelin_114765,HUMAN_MYELIN_114765|24|DENPVVHFFKN,True,,complete_5_of_5
focused_af3_rerun,1,json1folds,human_myelin_114806,HUMAN_MYELIN_114806,HUMAN_MYELIN_114806,2,3,ENPVVHFFKNIVTP,5,5,5,legacy_candidate_pmhc,/Users/anishsharma/Library/Mobile Documents/com~apple~CloudDocs/ebv_ms_publication/Alphafold3_pMHCs/json1folds/human_myelin_114806,HUMAN_MYELIN_114806|2|ENPVVHFFKNIVTP,True,,complete_5_of_5
focused_af3_rerun,1,json1folds,human_myelin_114925,HUMAN_MYELIN_114925,HUMAN_MYELIN_114925,13,3,QDENPVVHFFKNIVTPRTP,5,5,5,legacy_candidate_pmhc,/Users/anishsharma/Library/Mobile Documents/com~apple~CloudDocs/ebv_ms_publication/Alphafold3_pMHCs/json1folds/human_myelin_114925,HUMAN_MYELIN_114925|13|QDENPVVHFFKNIVTPRTP,True,,complete_5_of_5
focused_af3_rerun,1,json1folds,human_myelin_115641,HUMAN_MYELIN_115641,HUMAN_MYELIN_115641,4,3,QRPGFGYGGRASDYKSAHK,5,5,5,legacy_candidate_pmhc,/Users/anishsharma/Library/Mobile Documents/com~apple~CloudDocs/ebv_ms_publication/Alphafold3_pMHCs/json1folds/human_myelin_115641,HUMAN_MYELIN_115641|4|QRPGFGYGGRASDYKSAHK,True,,complete_5_of_5
focused_af3_rerun,1,json1folds,human_myelin_116170,HUMAN_MYELIN_116170,HUMAN_MYELIN_116170,14,3,TQDENPVVHFFKNIVTPRTP,5,5,5,legacy_candidate_pmhc,/Users/anishsharma/Library/Mobile Documents/com~apple~CloudDocs/ebv_ms_publication/Alphafold3_pMHCs/json1folds/human_myelin_116170,HUMAN_MYELIN_116170|14|TQDENPVVHFFKNIVTPRTP,True,,complete_5_of_5
focused_af3_rerun,1,json1folds,human_myelin_116976,HUMAN_MYELIN_116976,HUMAN_MYELIN_116976,22,3,FKGVDAQGTLSKIFKLGGR,5,5,5,legacy_candidate_pmhc,/Users/anishsharma/Library/Mobile Documents/com~apple~CloudDocs/ebv_ms_publication/Alphafold3_pMHCs/json1folds/human_myelin_116976,HUMAN_MYELIN_116976|22|FKGVDAQGTLSKIFKLGGR,True,,complete_5_of_5
focused_af3_rerun,1,json1folds,human_myelin_116995,HUMAN_MYELIN_116995,HUMAN_MYELIN_116995,23,3,HHPARTAHYGSLPQKSHGR,5,5,5,legacy_candidate_pmhc,/Users/anishsharma/Library/Mobile Documents/com~apple~CloudDocs/ebv_ms_publication/Alphafold3_pMHCs/json1folds/human_myelin_116995,HUMAN_MYELIN_116995|23|HHPARTAHYGSLPQKSHGR,True,,complete_5_of_5
focused_af3_rerun,1,json1folds,human_myelin_117032,HUMAN_MYELIN_117032,HUMAN_MYELIN_117032,179807928,3,KVCGSNLLSICKTAEFQMTFHLFIAAFVGAAA,5,5,5,legacy_candidate_pmhc,/Users/anishsharma/Library/Mobile Documents/com~apple~CloudDocs/ebv_ms_publication/Alphafold3_pMHCs/json1folds/human_myelin_117032,HUMAN_MYELIN_117032|179807928|KVCGSNLLSICKTAEFQMTFHLFIAAFVGAAA,False,/Users/anishsharma/Library/Mobile Documents/com~apple~CloudDocs/ebv_ms_publication/Alphafold3_pMHC_Folds _v1/folds_2026_08_10_19_18/human_myelin_117032,complete_5_of_5
focused_af3_rerun,1,json1folds,human_myelin_117032_2,HUMAN_MYELIN_117032,HUMAN_MYELIN_117032,27,3,KVCGSNLLSICKTAEFQMTFHLFIAAFVGAAA,5,5,5,legacy_candidate_pmhc,/Users/anishsharma/Library/Mobile Documents/com~apple~CloudDocs/ebv_ms_publication/Alphafold3_pMHCs/json1folds/human_myelin_117032_2,HUMAN_MYELIN_117032|27|KVCGSNLLSICKTAEFQMTFHLFIAAFVGAAA,True,,complete_5_of_5
focused_af3_rerun,1,json1folds,human_myelin_117035,HUMAN_MYELIN_117035,HUMAN_MYELIN_117035,18,3,LGHPDKFVGITYALTVVWLLVFACSAVPVYIY,5,5,5,legacy_candidate_pmhc,/Users/anishsharma/Library/Mobile Documents/com~apple~CloudDocs/ebv_ms_publication/Alphafold3_pMHCs/json1folds/human_myelin_117035,HUMAN_MYELIN_117035|18|LGHPDKFVGITYALTVVWLLVFACSAVPVYIY,True,,complete_5_of_5
focused_af3_rerun,1,json1folds,human_myelin_117117,HUMAN_MYELIN_117117,HUMAN_MYELIN_117117,20,3,YFSKNYQDYEYLINVIHAFQYVIYGTASFFFL,5,5,5,legacy_candidate_pmhc,/Users/anishsharma/Library/Mobile Documents/com~apple~CloudDocs/ebv_ms_publication/Alphafold3_pMHCs/json1folds/human_myelin_117117,HUMAN_MYELIN_117117|20|YFSKNYQDYEYLINVIHAFQYVIYGTASFFFL,True,,complete_5_of_5
focused_af3_rerun,1,json1folds,human_myelin_13572,HUMAN_MYELIN_13572,HUMAN_MYELIN_13572,8,3,ENPVVHFFKNIVTPR,5,5,5,legacy_candidate_pmhc,/Users/anishsharma/Library/Mobile Documents/com~apple~CloudDocs/ebv_ms_publication/Alphafold3_pMHCs/json1folds/human_myelin_13572,HUMAN_MYELIN_13572|8|ENPVVHFFKNIVTPR,True,,complete_5_of_5
focused_af3_rerun,1,json1folds,human_myelin_13573,HUMAN_MYELIN_13573,HUMAN_MYELIN_13573,9,3,ENPVVHFFKNIVTPRTP,5,5,5,legacy_candidate_pmhc,/Users/anishsharma/Library/Mobile Documents/com~apple~CloudDocs/ebv_ms_publication/Alphafold3_pMHCs/json1folds/human_myelin_13573,HUMAN_MYELIN_13573|9|ENPVVHFFKNIVTPRTP,False,/Users/anishsharma/Library/Mobile Documents/com~apple~CloudDocs/ebv_ms_publication/Alphafold3_pMHC_Folds _v1/folds_2026_08_10_19_18/human_myelin_13573,complete_5_of_5
focused_af3_rerun,1,json1folds,human_myelin_45514,HUMAN_MYELIN_45514,HUMAN_MYELIN_45514,12,3,NPVVHFFKNIVTPRTPPPSQ,5,5,5,legacy_candidate_pmhc,/Users/anishsharma/Library/Mobile Documents/com~apple~CloudDocs/ebv_ms_publication/Alphafold3_pMHCs/json1folds/human_myelin_45514,HUMAN_MYELIN_45514|12|NPVVHFFKNIVTPRTPPPSQ,True,,complete_5_of_5
focused_af3_rerun,1,json1folds,human_myelin_80095,HUMAN_MYELIN_80095,HUMAN_MYELIN_80095,7,3,VVHFFKNIVTPRT,5,5,5,legacy_candidate_pmhc,/Users/anishsharma/Library/Mobile Documents/com~apple~CloudDocs/ebv_ms_publication/Alphafold3_pMHCs/json1folds/human_myelin_80095,HUMAN_MYELIN_80095|7|VVHFFKNIVTPRT,True,,complete_5_of_5
focused_af3_rerun,1,json2folds,ebv_mhc_11422,EBV_MHC_11422,EBV_MHC_11422,9,3,EDPYWGNGDRHSDYQPLGTQDQSLY,5,5,5,legacy_candidate_pmhc,/Users/anishsharma/Library/Mobile Documents/com~apple~CloudDocs/ebv_ms_publication/Alphafold3_pMHCs/json2folds/ebv_mhc_11422,EBV_MHC_11422|9|EDPYWGNGDRHSDYQPLGTQDQSLY,False,/Users/anishsharma/Library/Mobile Documents/com~apple~CloudDocs/ebv_ms_publication/Alphafold3_pMHC_Folds _v1/folds_2026_08_10_19_18 (3)/ebv_mhc_11422,complete_5_of_5
focused_af3_rerun,1,json2folds,ebv_mhc_12325,EBV_MHC_12325,EBV_MHC_12325,10,3,EHDLERGPPGPRRPP,5,5,5,legacy_candidate_pmhc,/Users/anishsharma/Library/Mobile Documents/com~apple~CloudDocs/ebv_ms_publication/Alphafold3_pMHCs/json2folds/ebv_mhc_12325,EBV_MHC_12325|10|EHDLERGPPGPRRPP,False,/Users/anishsharma/Library/Mobile Documents/com~apple~CloudDocs/ebv_ms_publication/Alphafold3_pMHC_Folds _v1/folds_2026_08_10_19_18 (3)/ebv_mhc_12325,complete_5_of_5
focused_af3_rerun,1,json2folds,ebv_mhc_12325_2,EBV_MHC_12325,EBV_MHC_12325,10,3,EHDLERGPPGPRRPP,5,5,5,legacy_candidate_pmhc,/Users/anishsharma/Library/Mobile Documents/com~apple~CloudDocs/ebv_ms_publication/Alphafold3_pMHCs/json2folds/ebv_mhc_12325_2,EBV_MHC_12325|10|EHDLERGPPGPRRPP,False,/Users/anishsharma/Library/Mobile Documents/com~apple~CloudDocs/ebv_ms_publication/Alphafold3_pMHC_Folds _v1/folds_2026_08_10_19_18 (3)/ebv_mhc_12325,complete_5_of_5
focused_af3_rerun,1,json2folds,ebv_mhc_15168,EBV_MHC_15168,EBV_MHC_15168,11,3,FAEVLKDAIKDLVMTKPAPTCNIR,5,5,5,legacy_candidate_pmhc,/Users/anishsharma/Library/Mobile Documents/com~apple~CloudDocs/ebv_ms_publication/Alphafold3_pMHCs/json2folds/ebv_mhc_15168,EBV_MHC_15168|11|FAEVLKDAIKDLVMTKPAPTCNIR,False,/Users/anishsharma/Library/Mobile Documents/com~apple~CloudDocs/ebv_ms_publication/Alphafold3_pMHC_Folds _v1/folds_2026_08_10_19_18 (3)/ebv_mhc_15168,complete_5_of_5
focused_af3_rerun,1,json2folds,ebv_mhc_20020,EBV_MHC_20020,EBV_MHC_20020,13,3,GGSILQTNFKSLSSTEF,5,5,5,legacy_candidate_pmhc,/Users/anishsharma/Library/Mobile Documents/com~apple~CloudDocs/ebv_ms_publication/Alphafold3_pMHCs/json2folds/ebv_mhc_20020,EBV_MHC_20020|13|GGSILQTNFKSLSSTEF,False,/Users/anishsharma/Library/Mobile Documents/com~apple~CloudDocs/ebv_ms_publication/Alphafold3_pMHC_Folds _v1/folds_2026_08_10_19_18 (3)/ebv_mhc_20020,complete_5_of_5
focused_af3_rerun,1,json2folds,ebv_mhc_20020_2,EBV_MHC_20020,EBV_MHC_20020,13,3,GGSILQTNFKSLSSTEF,5,5,5,legacy_candidate_pmhc,/Users/anishsharma/Library/Mobile Documents/com~apple~CloudDocs/ebv_ms_publication/Alphafold3_pMHCs/json2folds/ebv_mhc_20020_2,EBV_MHC_20020|13|GGSILQTNFKSLSSTEF,False,/Users/anishsharma/Library/Mobile Documents/com~apple~CloudDocs/ebv_ms_publication/Alphafold3_pMHC_Folds _v1/folds_2026_08_10_19_18 (3)/ebv_mhc_20020,complete_5_of_5
focused_af3_rerun,1,json2folds,ebv_mhc_23636,EBV_MHC_23636,EBV_MHC_23636,14,3,HDPLPHSPSDSAGND,5,5,5,legacy_candidate_pmhc,/Users/anishsharma/Library/Mobile Documents/com~apple~CloudDocs/ebv_ms_publication/Alphafold3_pMHCs/json2folds/ebv_mhc_23636,EBV_MHC_23636|14|HDPLPHSPSDSAGND,False,/Users/anishsharma/Library/Mobile Documents/com~apple~CloudDocs/ebv_ms_publication/Alphafold3_pMHC_Folds _v1/folds_2026_08_10_19_18 (3)/ebv_mhc_23636,complete_5_of_5
focused_af3_rerun,1,json2folds,ebv_mhc_26480,EBV_MHC_26480,EBV_MHC_26480,15,3,IIFIFRRDLLCPLGAL,5,5,5,legacy_candidate_pmhc,/Users/anishsharma/Library/Mobile Documents/com~apple~CloudDocs/ebv_ms_publication/Alphafold3_pMHCs/json2folds/ebv_mhc_26480,EBV_MHC_26480|15|IIFIFRRDLLCPLGAL,False,/Users/anishsharma/Library/Mobile Documents/com~apple~CloudDocs/ebv_ms_publication/Alphafold3_pMHC_Folds _v1/folds_2026_08_10_19_18 (3)/ebv_mhc_26480,complete_5_of_5
focused_af3_rerun,1,json2folds,ebv_mhc_3005,EBV_MHC_3005,EBV_MHC_3005,16,3,ALWNLHGQALFLGIVL,5,5,5,legacy_candidate_pmhc,/Users/anishsharma/Library/Mobile Documents/com~apple~CloudDocs/ebv_ms_publication/Alphafold3_pMHCs/json2folds/ebv_mhc_3005,EBV_MHC_3005|16|ALWNLHGQALFLGIVL,False,/Users/anishsharma/Library/Mobile Documents/com~apple~CloudDocs/ebv_ms_publication/Alphafold3_pMHC_Folds _v1/folds_2026_08_10_19_18 (3)/ebv_mhc_3005,complete_5_of_5
focused_af3_rerun,1,json2folds,ebv_mhc_33867,EBV_MHC_33867,EBV_MHC_33867,17,3,KTSLYNLRRGTALAIPQCRLTPLSRL,5,5,5,legacy_candidate_pmhc,/Users/anishsharma/Library/Mobile Documents/com~apple~CloudDocs/ebv_ms_publication/Alphafold3_pMHCs/json2folds/ebv_mhc_33867,EBV_MHC_33867|17|KTSLYNLRRGTALAIPQCRLTPLSRL,False,/Users/anishsharma/Library/Mobile Documents/com~apple~CloudDocs/ebv_ms_publication/Alphafold3_pMHC_Folds _v1/folds_2026_08_10_19_18 (3)/ebv_mhc_33867,complete_5_of_5
focused_af3_rerun,1,json2folds,ebv_mhc_38633,EBV_MHC_38633,EBV_MHC_38633,18,3,LPPWFPPMVEGAAAEGDDG,5,5,5,legacy_candidate_pmhc,/Users/anishsharma/Library/Mobile Documents/com~apple~CloudDocs/ebv_ms_publication/Alphafold3_pMHCs/json2folds/ebv_mhc_38633,EBV_MHC_38633|18|LPPWFPPMVEGAAAEGDDG,False,/Users/anishsharma/Library/Mobile Documents/com~apple~CloudDocs/ebv_ms_publication/Alphafold3_pMHC_Folds _v1/folds_2026_08_10_19_18 (3)/ebv_mhc_38633,complete_5_of_5
focused_af3_rerun,1,json2folds,ebv_mhc_53359,EBV_MHC_53359,EBV_MHC_53359,22,3,RDGVRRPQKRPSCIGCKGT,5,5,5,legacy_candidate_pmhc,/Users/anishsharma/Library/Mobile Documents/com~apple~CloudDocs/ebv_ms_publication/Alphafold3_pMHCs/json2folds/ebv_mhc_53359,EBV_MHC_53359|22|RDGVRRPQKRPSCIGCKGT,False,/Users/anishsharma/Library/Mobile Documents/com~apple~CloudDocs/ebv_ms_publication/Alphafold3_pMHC_Folds _v1/folds_2026_08_10_19_18 (3)/ebv_mhc_53359,complete_5_of_5
focused_af3_rerun,1,json2folds,ebv_mhc_58072,EBV_MHC_58072,EBV_MHC_58072,24,3,SGHESDSNSNEGRHHLLVSGAGDGPPL,5,5,5,legacy_candidate_pmhc,/Users/anishsharma/Library/Mobile Documents/com~apple~CloudDocs/ebv_ms_publication/Alphafold3_pMHCs/json2folds/ebv_mhc_58072,EBV_MHC_58072|24|SGHESDSNSNEGRHHLLVSGAGDGPPL,False,/Users/anishsharma/Library/Mobile Documents/com~apple~CloudDocs/ebv_ms_publication/Alphafold3_pMHC_Folds _v1/folds_2026_08_10_19_18 (3)/ebv_mhc_58072,complete_5_of_5
focused_af3_rerun,1,json2folds,ebv_mhc_58072_2,EBV_MHC_58072,EBV_MHC_58072,24,3,SGHESDSNSNEGRHHLLVSGAGDGPPL,5,5,5,legacy_candidate_pmhc,/Users/anishsharma/Library/Mobile Documents/com~apple~CloudDocs/ebv_ms_publication/Alphafold3_pMHCs/json2folds/ebv_mhc_58072_2,EBV_MHC_58072|24|SGHESDSNSNEGRHHLLVSGAGDGPPL,False,/Users/anishsharma/Library/Mobile Documents/com~apple~CloudDocs/ebv_ms_publication/Alphafold3_pMHC_Folds _v1/folds_2026_08_10_19_18 (3)/ebv_mhc_58072,complete_5_of_5
focused_af3_rerun,1,json2folds,ebv_mhc_69835,EBV_MHC_69835,EBV_MHC_69835,26,3,VLVMLVLLILAYRRRWRRLTV,5,5,5,legacy_candidate_pmhc,/Users/anishsharma/Library/Mobile Documents/com~apple~CloudDocs/ebv_ms_publication/Alphafold3_pMHCs/json2folds/ebv_mhc_69835,EBV_MHC_69835|26|VLVMLVLLILAYRRRWRRLTV,False,/Users/anishsharma/Library/Mobile Documents/com~apple~CloudDocs/ebv_ms_publication/Alphafold3_pMHC_Folds _v1/folds_2026_08_10_19_18 (3)/ebv_mhc_69835,complete_5_of_5
focused_af3_rerun,1,json2folds,ebv_mhc_69835_2,EBV_MHC_69835,EBV_MHC_69835,26,3,VLVMLVLLILAYRRRWRRLTV,5,5,5,legacy_candidate_pmhc,/Users/anishsharma/Library/Mobile Documents/com~apple~CloudDocs/ebv_ms_publication/Alphafold3_pMHCs/json2folds/ebv_mhc_69835_2,EBV_MHC_69835|26|VLVMLVLLILAYRRRWRRLTV,False,/Users/anishsharma/Library/Mobile Documents/com~apple~CloudDocs/ebv_ms_publication/Alphafold3_pMHC_Folds _v1/folds_2026_08_10_19_18 (3)/ebv_mhc_69835,complete_5_of_5
focused_af3_rerun,1,json2folds,ebv_mhc_71181,EBV_MHC_71181,EBV_MHC_71181,27,3,VSTVVTATGLALSLLL,5,5,5,legacy_candidate_pmhc,/Users/anishsharma/Library/Mobile Documents/com~apple~CloudDocs/ebv_ms_publication/Alphafold3_pMHCs/json2folds/ebv_mhc_71181,EBV_MHC_71181|27|VSTVVTATGLALSLLL,False,/Users/anishsharma/Library/Mobile Documents/com~apple~CloudDocs/ebv_ms_publication/Alphafold3_pMHC_Folds _v1/folds_2026_08_10_19_18 (3)/ebv_mhc_71181,complete_5_of_5
focused_af3_rerun,1,json2folds,ebv_mhc_8396,EBV_MHC_8396,EBV_MHC_8396,28,3,DGGRRKKGGWFGKHRGQGGSNP,5,5,5,legacy_candidate_pmhc,/Users/anishsharma/Library/Mobile Documents/com~apple~CloudDocs/ebv_ms_publication/Alphafold3_pMHCs/json2folds/ebv_mhc_8396,EBV_MHC_8396|28|DGGRRKKGGWFGKHRGQGGSNP,False,/Users/anishsharma/Library/Mobile Documents/com~apple~CloudDocs/ebv_ms_publication/Alphafold3_pMHC_Folds _v1/folds_2026_08_10_19_18 (3)/ebv_mhc_8396,complete_5_of_5
focused_af3_rerun,1,json2folds,ebv_tcell_1393562,EBV_TCELL_1393562,EBV_TCELL_1393562,7,3,VLRYHVLLEE,5,5,5,legacy_candidate_pmhc,/Users/anishsharma/Library/Mobile Documents/com~apple~CloudDocs/ebv_ms_publication/Alphafold3_pMHCs/json2folds/ebv_tcell_1393562,EBV_TCELL_1393562|7|VLRYHVLLEE,False,/Users/anishsharma/Library/Mobile Documents/com~apple~CloudDocs/ebv_ms_publication/Alphafold3_pMHC_Folds _v1/folds_2026_08_10_19_18 (3)/ebv_tcell_1393562,complete_5_of_5
focused_af3_rerun,1,json2folds,ebv_tcell_1393562_2,EBV_TCELL_1393562,EBV_TCELL_1393562,7,3,VLRYHVLLEE,5,5,5,legacy_candidate_pmhc,/Users/anishsharma/Library/Mobile Documents/com~apple~CloudDocs/ebv_ms_publication/Alphafold3_pMHCs/json2folds/ebv_tcell_1393562_2,EBV_TCELL_1393562|7|VLRYHVLLEE,False,/Users/anishsharma/Library/Mobile Documents/com~apple~CloudDocs/ebv_ms_publication/Alphafold3_pMHC_Folds _v1/folds_2026_08_10_19_18 (3)/ebv_tcell_1393562,complete_5_of_5
focused_af3_rerun,1,json2folds,ebv_tcell_2268720,EBV_TCELL_2268720,EBV_TCELL_2268720,8,3,GNEIHVYNDYHHFKT,5,5,5,legacy_candidate_pmhc,/Users/anishsharma/Library/Mobile Documents/com~apple~CloudDocs/ebv_ms_publication/Alphafold3_pMHCs/json2folds/ebv_tcell_2268720,EBV_TCELL_2268720|8|GNEIHVYNDYHHFKT,False,/Users/anishsharma/Library/Mobile Documents/com~apple~CloudDocs/ebv_ms_publication/Alphafold3_pMHC_Folds _v1/folds_2026_08_10_19_18 (3)/ebv_tcell_2268720,complete_5_of_5
focused_af3_rerun,1,json2folds,ebv_tcell_2268741,EBV_TCELL_2268741,EBV_TCELL_2268741,2,3,IMNILRIYYSPSIM,5,5,5,legacy_candidate_pmhc,/Users/anishsharma/Library/Mobile Documents/com~apple~CloudDocs/ebv_ms_publication/Alphafold3_pMHCs/json2folds/ebv_tcell_2268741,EBV_TCELL_2268741|2|IMNILRIYYSPSIM,False,/Users/anishsharma/Library/Mobile Documents/com~apple~CloudDocs/ebv_ms_publication/Alphafold3_pMHC_Folds _v1/folds_2026_08_10_19_18 (3)/ebv_tcell_2268741,complete_5_of_5
focused_af3_rerun,1,json2folds,ebv_tcell_2268741_2,EBV_TCELL_2268741,EBV_TCELL_2268741,2,3,IMNILRIYYSPSIM,5,5,5,legacy_candidate_pmhc,/Users/anishsharma/Library/Mobile Documents/com~apple~CloudDocs/ebv_ms_publication/Alphafold3_pMHCs/json2folds/ebv_tcell_2268741_2,EBV_TCELL_2268741|2|IMNILRIYYSPSIM,False,/Users/anishsharma/Library/Mobile Documents/com~apple~CloudDocs/ebv_ms_publication/Alphafold3_pMHC_Folds _v1/folds_2026_08_10_19_18 (3)/ebv_tcell_2268741,complete_5_of_5
focused_af3_rerun,1,json2folds,ebv_tcell_2268934,EBV_TCELL_2268934,EBV_TCELL_2268934,3,3,VTTFVHYANFHNYFVPN,5,5,5,legacy_candidate_pmhc,/Users/anishsharma/Library/Mobile Documents/com~apple~CloudDocs/ebv_ms_publication/Alphafold3_pMHCs/json2folds/ebv_tcell_2268934,EBV_TCELL_2268934|3|VTTFVHYANFHNYFVPN,False,/Users/anishsharma/Library/Mobile Documents/com~apple~CloudDocs/ebv_ms_publication/Alphafold3_pMHC_Folds _v1/folds_2026_08_10_19_18 (3)/ebv_tcell_2268934,complete_5_of_5
focused_af3_rerun,1,json2folds,ebv_tcell_2268934_2,EBV_TCELL_2268934,EBV_TCELL_2268934,3,3,VTTFVHYANFHNYFVPN,5,5,5,legacy_candidate_pmhc,/Users/anishsharma/Library/Mobile Documents/com~apple~CloudDocs/ebv_ms_publication/Alphafold3_pMHCs/json2folds/ebv_tcell_2268934_2,EBV_TCELL_2268934|3|VTTFVHYANFHNYFVPN,False,/Users/anishsharma/Library/Mobile Documents/com~apple~CloudDocs/ebv_ms_publication/Alphafold3_pMHC_Folds _v1/folds_2026_08_10_19_18 (3)/ebv_tcell_2268934,complete_5_of_5
focused_af3_rerun,1,json2folds,human_myelin_112191,HUMAN_MYELIN_112191,HUMAN_MYELIN_112191,30,3,KYLATASTMDHARHGFLPRH,5,5,5,legacy_candidate_pmhc,/Users/anishsharma/Library/Mobile Documents/com~apple~CloudDocs/ebv_ms_publication/Alphafold3_pMHCs/json2folds/human_myelin_112191,HUMAN_MYELIN_112191|30|KYLATASTMDHARHGFLPRH,False,/Users/anishsharma/Library/Mobile Documents/com~apple~CloudDocs/ebv_ms_publication/Alphafold3_pMHC_Folds _v1/folds_2026_08_10_19_18 (3)/human_myelin_112191,complete_5_of_5
focused_af3_rerun,1,json2folds,human_myelin_114366,HUMAN_MYELIN_114366,HUMAN_MYELIN_114366,6,3,GKGRGLSLSRFSWGAEGQRP,5,5,5,legacy_candidate_pmhc,/Users/anishsharma/Library/Mobile Documents/com~apple~CloudDocs/ebv_ms_publication/Alphafold3_pMHCs/json2folds/human_myelin_114366,HUMAN_MYELIN_114366|6|GKGRGLSLSRFSWGAEGQRP,False,/Users/anishsharma/Library/Mobile Documents/com~apple~CloudDocs/ebv_ms_publication/Alphafold3_pMHC_Folds _v1/folds_2026_08_10_19_18 (3)/human_myelin_114366,complete_5_of_5
focused_af3_rerun,1,json2folds,human_myelin_114366_2,HUMAN_MYELIN_114366,HUMAN_MYELIN_114366,6,3,GKGRGLSLSRFSWGAEGQRP,5,5,5,legacy_candidate_pmhc,/Users/anishsharma/Library/Mobile Documents/com~apple~CloudDocs/ebv_ms_publication/Alphafold3_pMHCs/json2folds/human_myelin_114366_2,HUMAN_MYELIN_114366|6|GKGRGLSLSRFSWGAEGQRP,False,/Users/anishsharma/Library/Mobile Documents/com~apple~CloudDocs/ebv_ms_publication/Alphafold3_pMHC_Folds _v1/folds_2026_08_10_19_18 (3)/human_myelin_114366,complete_5_of_5
focused_af3_rerun,1,json2folds,human_myelin_116079,HUMAN_MYELIN_116079,HUMAN_MYELIN_116079,5,3,ATASTMDHARHGFLPRHRDTGIL,5,5,5,legacy_candidate_pmhc,/Users/anishsharma/Library/Mobile Documents/com~apple~CloudDocs/ebv_ms_publication/Alphafold3_pMHCs/json2folds/human_myelin_116079,HUMAN_MYELIN_116079|5|ATASTMDHARHGFLPRHRDTGIL,False,/Users/anishsharma/Library/Mobile Documents/com~apple~CloudDocs/ebv_ms_publication/Alphafold3_pMHC_Folds _v1/folds_2026_08_10_19_18 (3)/human_myelin_116079,complete_5_of_5
focused_af3_rerun,1,json2folds,human_myelin_40762,HUMAN_MYELIN_40762,HUMAN_MYELIN_40762,1,3,LYGALLLAEGFYTTGAVRQI,5,5,5,legacy_candidate_pmhc,/Users/anishsharma/Library/Mobile Documents/com~apple~CloudDocs/ebv_ms_publication/Alphafold3_pMHCs/json2folds/human_myelin_40762,HUMAN_MYELIN_40762|1|LYGALLLAEGFYTTGAVRQI,False,/Users/anishsharma/Library/Mobile Documents/com~apple~CloudDocs/ebv_ms_publication/Alphafold3_pMHC_Folds _v1/folds_2026_08_10_19_18 (3)/human_myelin_40762,complete_5_of_5
monday_af3_full,0,folds_2026_08_10_19_18,ebv_tcell_119155,EBV_TCELL_119155,EBV_TCELL_119155,1773241610,3,FIEFVGWLCKKDHTHIREWF,5,5,5,legacy_candidate_pmhc,/Users/anishsharma/Library/Mobile Documents/com~apple~CloudDocs/ebv_ms_publication/Alphafold3_pMHC_Folds _v1/folds_2026_08_10_19_18/ebv_tcell_119155,EBV_TCELL_119155|1773241610|FIEFVGWLCKKDHTHIREWF,True,,complete_5_of_5
monday_af3_full,0,folds_2026_08_10_19_18,ebv_tcell_1392779,EBV_TCELL_1392779,EBV_TCELL_1392779,1906789439,3,FARQAVWLRE,5,5,5,legacy_candidate_pmhc,/Users/anishsharma/Library/Mobile Documents/com~apple~CloudDocs/ebv_ms_publication/Alphafold3_pMHC_Folds _v1/folds_2026_08_10_19_18/ebv_tcell_1392779,EBV_TCELL_1392779|1906789439|FARQAVWLRE,True,,complete_5_of_5
monday_af3_full,0,folds_2026_08_10_19_18,ebv_tcell_149795,EBV_TCELL_149795,EBV_TCELL_149795,355905527,3,LDLDFGQLTPHTKAVYQPRG,5,5,5,legacy_candidate_pmhc,/Users/anishsharma/Library/Mobile Documents/com~apple~CloudDocs/ebv_ms_publication/Alphafold3_pMHC_Folds _v1/folds_2026_08_10_19_18/ebv_tcell_149795,EBV_TCELL_149795|355905527|LDLDFGQLTPHTKAVYQPRG,True,,complete_5_of_5
monday_af3_full,0,folds_2026_08_10_19_18,ebv_tcell_1862913,EBV_TCELL_1862913,EBV_TCELL_1862913,2,3,NILRIYYSPSIMHRYAVVQP,5,5,5,legacy_candidate_pmhc,/Users/anishsharma/Library/Mobile Documents/com~apple~CloudDocs/ebv_ms_publication/Alphafold3_pMHC_Folds _v1/folds_2026_08_10_19_18/ebv_tcell_1862913,EBV_TCELL_1862913|2|NILRIYYSPSIMHRYAVVQP,True,,complete_5_of_5
monday_af3_full,0,folds_2026_08_10_19_18,ebv_tcell_2268683,EBV_TCELL_2268683,EBV_TCELL_2268683,17,3,EKQLFYYIGTMLPN,5,5,5,legacy_candidate_pmhc,/Users/anishsharma/Library/Mobile Documents/com~apple~CloudDocs/ebv_ms_publication/Alphafold3_pMHC_Folds _v1/folds_2026_08_10_19_18/ebv_tcell_2268683,EBV_TCELL_2268683|17|EKQLFYYIGTMLPN,True,,complete_5_of_5
monday_af3_full,0,folds_2026_08_10_19_18,ebv_tcell_2268933,EBV_TCELL_2268933,EBV_TCELL_2268933,14,3,VTNILIYNGWYADS,5,5,5,legacy_candidate_pmhc,/Users/anishsharma/Library/Mobile Documents/com~apple~CloudDocs/ebv_ms_publication/Alphafold3_pMHC_Folds _v1/folds_2026_08_10_19_18/ebv_tcell_2268933,EBV_TCELL_2268933|14|VTNILIYNGWYADS,True,,complete_5_of_5
monday_af3_full,0,folds_2026_08_10_19_18,ebv_tcell_63843,EBV_TCELL_63843,EBV_TCELL_63843,100,3,TGGVYHFVKKHVHES,5,5,5,legacy_candidate_pmhc,/Users/anishsharma/Library/Mobile Documents/com~apple~CloudDocs/ebv_ms_publication/Alphafold3_pMHC_Folds _v1/folds_2026_08_10_19_18/ebv_tcell_63843,EBV_TCELL_63843|100|TGGVYHFVKKHVHES,True,,complete_5_of_5
monday_af3_full,0,folds_2026_08_10_19_18,ebv_tcell_950,EBV_TCELL_950,EBV_TCELL_950,849625969,3,AEGLRALLARSHVER,5,5,5,legacy_candidate_pmhc,/Users/anishsharma/Library/Mobile Documents/com~apple~CloudDocs/ebv_ms_publication/Alphafold3_pMHC_Folds _v1/folds_2026_08_10_19_18/ebv_tcell_950,EBV_TCELL_950|849625969|AEGLRALLARSHVER,True,,complete_5_of_5
monday_af3_full,0,folds_2026_08_10_19_18,human_myelin_111192,HUMAN_MYELIN_111192,HUMAN_MYELIN_111192,8,3,DENPVVHFFKNIVTPRTPP,5,5,5,legacy_candidate_pmhc,/Users/anishsharma/Library/Mobile Documents/com~apple~CloudDocs/ebv_ms_publication/Alphafold3_pMHC_Folds _v1/folds_2026_08_10_19_18/human_myelin_111192,HUMAN_MYELIN_111192|8|DENPVVHFFKNIVTPRTPP,True,,complete_5_of_5
monday_af3_full,0,folds_2026_08_10_19_18,human_myelin_112037,HUMAN_MYELIN_112037,HUMAN_MYELIN_112037,1018863389,3,AQGTLSKIFKLGGRDSRSGSPMARR,5,5,5,legacy_candidate_pmhc,/Users/anishsharma/Library/Mobile Documents/com~apple~CloudDocs/ebv_ms_publication/Alphafold3_pMHC_Folds _v1/folds_2026_08_10_19_18/human_myelin_112037,HUMAN_MYELIN_112037|1018863389|AQGTLSKIFKLGGRDSRSGSPMARR,True,,complete_5_of_5
monday_af3_full,0,folds_2026_08_10_19_18,human_myelin_112214,HUMAN_MYELIN_112214,HUMAN_MYELIN_112214,1405882626,3,LSRFSWGAEGQRPGFGYGG,5,5,5,legacy_candidate_pmhc,/Users/anishsharma/Library/Mobile Documents/com~apple~CloudDocs/ebv_ms_publication/Alphafold3_pMHC_Folds _v1/folds_2026_08_10_19_18/human_myelin_112214,HUMAN_MYELIN_112214|1405882626|LSRFSWGAEGQRPGFGYGG,True,,complete_5_of_5
monday_af3_full,0,folds_2026_08_10_19_18,human_myelin_112319,HUMAN_MYELIN_112319,HUMAN_MYELIN_112319,1,3,SKIFKLGGRDSRSGSPMARR,5,5,5,legacy_candidate_pmhc,/Users/anishsharma/Library/Mobile Documents/com~apple~CloudDocs/ebv_ms_publication/Alphafold3_pMHC_Folds _v1/folds_2026_08_10_19_18/human_myelin_112319,HUMAN_MYELIN_112319|1|SKIFKLGGRDSRSGSPMARR,True,,complete_5_of_5
monday_af3_full,0,folds_2026_08_10_19_18,human_myelin_112393,HUMAN_MYELIN_112393,HUMAN_MYELIN_112393,7,3,VVHFFKNIVTPRTPPPSQGK,5,5,5,legacy_candidate_pmhc,/Users/anishsharma/Library/Mobile Documents/com~apple~CloudDocs/ebv_ms_publication/Alphafold3_pMHC_Folds _v1/folds_2026_08_10_19_18/human_myelin_112393,HUMAN_MYELIN_112393|7|VVHFFKNIVTPRTPPPSQGK,True,,complete_5_of_5
monday_af3_full,0,folds_2026_08_10_19_18,human_myelin_112603,HUMAN_MYELIN_112603,HUMAN_MYELIN_112603,885539857,3,MIAATYNFAVLKLMGRGTKF,5,5,5,legacy_candidate_pmhc,/Users/anishsharma/Library/Mobile Documents/com~apple~CloudDocs/ebv_ms_publication/Alphafold3_pMHC_Folds _v1/folds_2026_08_10_19_18/human_myelin_112603,HUMAN_MYELIN_112603|885539857|MIAATYNFAVLKLMGRGTKF,True,,complete_5_of_5
monday_af3_full,0,folds_2026_08_10_19_18,human_myelin_114765,HUMAN_MYELIN_114765,HUMAN_MYELIN_114765,721301335,3,DENPVVHFFKN,5,5,5,legacy_candidate_pmhc,/Users/anishsharma/Library/Mobile Documents/com~apple~CloudDocs/ebv_ms_publication/Alphafold3_pMHC_Folds _v1/folds_2026_08_10_19_18/human_myelin_114765,HUMAN_MYELIN_114765|721301335|DENPVVHFFKN,True,,complete_5_of_5
monday_af3_full,0,folds_2026_08_10_19_18,human_myelin_114806,HUMAN_MYELIN_114806,HUMAN_MYELIN_114806,20,3,ENPVVHFFKNIVTP,5,5,5,legacy_candidate_pmhc,/Users/anishsharma/Library/Mobile Documents/com~apple~CloudDocs/ebv_ms_publication/Alphafold3_pMHC_Folds _v1/folds_2026_08_10_19_18/human_myelin_114806,HUMAN_MYELIN_114806|20|ENPVVHFFKNIVTP,True,,complete_5_of_5
monday_af3_full,0,folds_2026_08_10_19_18,human_myelin_114925,HUMAN_MYELIN_114925,HUMAN_MYELIN_114925,4,3,QDENPVVHFFKNIVTPRTP,5,5,5,legacy_candidate_pmhc,/Users/anishsharma/Library/Mobile Documents/com~apple~CloudDocs/ebv_ms_publication/Alphafold3_pMHC_Folds _v1/folds_2026_08_10_19_18/human_myelin_114925,HUMAN_MYELIN_114925|4|QDENPVVHFFKNIVTPRTP,True,,complete_5_of_5
monday_af3_full,0,folds_2026_08_10_19_18,human_myelin_115641,HUMAN_MYELIN_115641,HUMAN_MYELIN_115641,16,3,QRPGFGYGGRASDYKSAHK,5,5,5,legacy_candidate_pmhc,/Users/anishsharma/Library/Mobile Documents/com~apple~CloudDocs/ebv_ms_publication/Alphafold3_pMHC_Folds _v1/folds_2026_08_10_19_18/human_myelin_115641,HUMAN_MYELIN_115641|16|QRPGFGYGGRASDYKSAHK,True,,complete_5_of_5
monday_af3_full,0,folds_2026_08_10_19_18,human_myelin_116170,HUMAN_MYELIN_116170,HUMAN_MYELIN_116170,3,3,TQDENPVVHFFKNIVTPRTP,5,5,5,legacy_candidate_pmhc,/Users/anishsharma/Library/Mobile Documents/com~apple~CloudDocs/ebv_ms_publication/Alphafold3_pMHC_Folds _v1/folds_2026_08_10_19_18/human_myelin_116170,HUMAN_MYELIN_116170|3|TQDENPVVHFFKNIVTPRTP,True,,complete_5_of_5
monday_af3_full,0,folds_2026_08_10_19_18,human_myelin_116976,HUMAN_MYELIN_116976,HUMAN_MYELIN_116976,88671896,3,FKGVDAQGTLSKIFKLGGR,5,5,5,legacy_candidate_pmhc,/Users/anishsharma/Library/Mobile Documents/com~apple~CloudDocs/ebv_ms_publication/Alphafold3_pMHC_Folds _v1/folds_2026_08_10_19_18/human_myelin_116976,HUMAN_MYELIN_116976|88671896|FKGVDAQGTLSKIFKLGGR,True,,complete_5_of_5
monday_af3_full,0,folds_2026_08_10_19_18,human_myelin_116995,HUMAN_MYELIN_116995,HUMAN_MYELIN_116995,577921442,3,HHPARTAHYGSLPQKSHGR,5,5,5,legacy_candidate_pmhc,/Users/anishsharma/Library/Mobile Documents/com~apple~CloudDocs/ebv_ms_publication/Alphafold3_pMHC_Folds _v1/folds_2026_08_10_19_18/human_myelin_116995,HUMAN_MYELIN_116995|577921442|HHPARTAHYGSLPQKSHGR,True,,complete_5_of_5
monday_af3_full,0,folds_2026_08_10_19_18,human_myelin_117032,HUMAN_MYELIN_117032,HUMAN_MYELIN_117032,179807928,3,KVCGSNLLSICKTAEFQMTFHLFIAAFVGAAA,5,5,5,legacy_candidate_pmhc,/Users/anishsharma/Library/Mobile Documents/com~apple~CloudDocs/ebv_ms_publication/Alphafold3_pMHC_Folds _v1/folds_2026_08_10_19_18/human_myelin_117032,HUMAN_MYELIN_117032|179807928|KVCGSNLLSICKTAEFQMTFHLFIAAFVGAAA,True,,complete_5_of_5
monday_af3_full,0,folds_2026_08_10_19_18,human_myelin_117035,HUMAN_MYELIN_117035,HUMAN_MYELIN_117035,1704886630,3,LGHPDKFVGITYALTVVWLLVFACSAVPVYIY,5,5,5,legacy_candidate_pmhc,/Users/anishsharma/Library/Mobile Documents/com~apple~CloudDocs/ebv_ms_publication/Alphafold3_pMHC_Folds _v1/folds_2026_08_10_19_18/human_myelin_117035,HUMAN_MYELIN_117035|1704886630|LGHPDKFVGITYALTVVWLLVFACSAVPVYIY,True,,complete_5_of_5
monday_af3_full,0,folds_2026_08_10_19_18,human_myelin_117117,HUMAN_MYELIN_117117,HUMAN_MYELIN_117117,676428779,3,YFSKNYQDYEYLINVIHAFQYVIYGTASFFFL,5,5,5,legacy_candidate_pmhc,/Users/anishsharma/Library/Mobile Documents/com~apple~CloudDocs/ebv_ms_publication/Alphafold3_pMHC_Folds _v1/folds_2026_08_10_19_18/human_myelin_117117,HUMAN_MYELIN_117117|676428779|YFSKNYQDYEYLINVIHAFQYVIYGTASFFFL,True,,complete_5_of_5
monday_af3_full,0,folds_2026_08_10_19_18,human_myelin_13572,HUMAN_MYELIN_13572,HUMAN_MYELIN_13572,10,3,ENPVVHFFKNIVTPR,5,5,5,legacy_candidate_pmhc,/Users/anishsharma/Library/Mobile Documents/com~apple~CloudDocs/ebv_ms_publication/Alphafold3_pMHC_Folds _v1/folds_2026_08_10_19_18/human_myelin_13572,HUMAN_MYELIN_13572|10|ENPVVHFFKNIVTPR,True,,complete_5_of_5
monday_af3_full,0,folds_2026_08_10_19_18,human_myelin_13573,HUMAN_MYELIN_13573,HUMAN_MYELIN_13573,9,3,ENPVVHFFKNIVTPRTP,5,5,5,legacy_candidate_pmhc,/Users/anishsharma/Library/Mobile Documents/com~apple~CloudDocs/ebv_ms_publication/Alphafold3_pMHC_Folds _v1/folds_2026_08_10_19_18/human_myelin_13573,HUMAN_MYELIN_13573|9|ENPVVHFFKNIVTPRTP,True,,complete_5_of_5
monday_af3_full,0,folds_2026_08_10_19_18,human_myelin_45514,HUMAN_MYELIN_45514,HUMAN_MYELIN_45514,6,3,NPVVHFFKNIVTPRTPPPSQ,5,5,5,legacy_candidate_pmhc,/Users/anishsharma/Library/Mobile Documents/com~apple~CloudDocs/ebv_ms_publication/Alphafold3_pMHC_Folds _v1/folds_2026_08_10_19_18/human_myelin_45514,HUMAN_MYELIN_45514|6|NPVVHFFKNIVTPRTPPPSQ,True,,complete_5_of_5
monday_af3_full,0,folds_2026_08_10_19_18,human_myelin_5516,HUMAN_MYELIN_5516,HUMAN_MYELIN_5516,12,3,AVPVYIYFNTWTTCQSIAFP,5,5,5,legacy_candidate_pmhc,/Users/anishsharma/Library/Mobile Documents/com~apple~CloudDocs/ebv_ms_publication/Alphafold3_pMHC_Folds _v1/folds_2026_08_10_19_18/human_myelin_5516,HUMAN_MYELIN_5516|12|AVPVYIYFNTWTTCQSIAFP,True,,complete_5_of_5
monday_af3_full,0,folds_2026_08_10_19_18,human_myelin_67907,HUMAN_MYELIN_67907,HUMAN_MYELIN_67907,1059392378,3,VDAQGTLSKIFKLGGRDSRS,5,5,5,legacy_candidate_pmhc,/Users/anishsharma/Library/Mobile Documents/com~apple~CloudDocs/ebv_ms_publication/Alphafold3_pMHC_Folds _v1/folds_2026_08_10_19_18/human_myelin_67907,HUMAN_MYELIN_67907|1059392378|VDAQGTLSKIFKLGGRDSRS,True,,complete_5_of_5
monday_af3_full,0,folds_2026_08_10_19_18,human_myelin_80095,HUMAN_MYELIN_80095,HUMAN_MYELIN_80095,11,3,VVHFFKNIVTPRT,5,5,5,legacy_candidate_pmhc,/Users/anishsharma/Library/Mobile Documents/com~apple~CloudDocs/ebv_ms_publication/Alphafold3_pMHC_Folds _v1/folds_2026_08_10_19_18/human_myelin_80095,HUMAN_MYELIN_80095|11|VVHFFKNIVTPRT,True,,complete_5_of_5
monday_af3_full,0,folds_2026_08_10_19_18 (3),ebv_mhc_11422,EBV_MHC_11422,EBV_MHC_11422,9,3,EDPYWGNGDRHSDYQPLGTQDQSLY,5,5,5,legacy_candidate_pmhc,/Users/anishsharma/Library/Mobile Documents/com~apple~CloudDocs/ebv_ms_publication/Alphafold3_pMHC_Folds _v1/folds_2026_08_10_19_18 (3)/ebv_mhc_11422,EBV_MHC_11422|9|EDPYWGNGDRHSDYQPLGTQDQSLY,True,,complete_5_of_5
monday_af3_full,0,folds_2026_08_10_19_18 (3),ebv_mhc_12325,EBV_MHC_12325,EBV_MHC_12325,10,3,EHDLERGPPGPRRPP,5,5,5,legacy_candidate_pmhc,/Users/anishsharma/Library/Mobile Documents/com~apple~CloudDocs/ebv_ms_publication/Alphafold3_pMHC_Folds _v1/folds_2026_08_10_19_18 (3)/ebv_mhc_12325,EBV_MHC_12325|10|EHDLERGPPGPRRPP,True,,complete_5_of_5
monday_af3_full,0,folds_2026_08_10_19_18 (3),ebv_mhc_15168,EBV_MHC_15168,EBV_MHC_15168,11,3,FAEVLKDAIKDLVMTKPAPTCNIR,5,5,5,legacy_candidate_pmhc,/Users/anishsharma/Library/Mobile Documents/com~apple~CloudDocs/ebv_ms_publication/Alphafold3_pMHC_Folds _v1/folds_2026_08_10_19_18 (3)/ebv_mhc_15168,EBV_MHC_15168|11|FAEVLKDAIKDLVMTKPAPTCNIR,True,,complete_5_of_5
monday_af3_full,0,folds_2026_08_10_19_18 (3),ebv_mhc_1997,EBV_MHC_1997,EBV_MHC_1997,12,3,AILIWMYYHGQRHSDEH,5,5,5,legacy_candidate_pmhc,/Users/anishsharma/Library/Mobile Documents/com~apple~CloudDocs/ebv_ms_publication/Alphafold3_pMHC_Folds _v1/folds_2026_08_10_19_18 (3)/ebv_mhc_1997,EBV_MHC_1997|12|AILIWMYYHGQRHSDEH,True,,complete_5_of_5
monday_af3_full,0,folds_2026_08_10_19_18 (3),ebv_mhc_20020,EBV_MHC_20020,EBV_MHC_20020,13,3,GGSILQTNFKSLSSTEF,5,5,5,legacy_candidate_pmhc,/Users/anishsharma/Library/Mobile Documents/com~apple~CloudDocs/ebv_ms_publication/Alphafold3_pMHC_Folds _v1/folds_2026_08_10_19_18 (3)/ebv_mhc_20020,EBV_MHC_20020|13|GGSILQTNFKSLSSTEF,True,,complete_5_of_5
monday_af3_full,0,folds_2026_08_10_19_18 (3),ebv_mhc_23636,EBV_MHC_23636,EBV_MHC_23636,14,3,HDPLPHSPSDSAGND,5,5,5,legacy_candidate_pmhc,/Users/anishsharma/Library/Mobile Documents/com~apple~CloudDocs/ebv_ms_publication/Alphafold3_pMHC_Folds _v1/folds_2026_08_10_19_18 (3)/ebv_mhc_23636,EBV_MHC_23636|14|HDPLPHSPSDSAGND,True,,complete_5_of_5
monday_af3_full,0,folds_2026_08_10_19_18 (3),ebv_mhc_26480,EBV_MHC_26480,EBV_MHC_26480,15,3,IIFIFRRDLLCPLGAL,5,5,5,legacy_candidate_pmhc,/Users/anishsharma/Library/Mobile Documents/com~apple~CloudDocs/ebv_ms_publication/Alphafold3_pMHC_Folds _v1/folds_2026_08_10_19_18 (3)/ebv_mhc_26480,EBV_MHC_26480|15|IIFIFRRDLLCPLGAL,True,,complete_5_of_5
monday_af3_full,0,folds_2026_08_10_19_18 (3),ebv_mhc_3005,EBV_MHC_3005,EBV_MHC_3005,16,3,ALWNLHGQALFLGIVL,5,5,5,legacy_candidate_pmhc,/Users/anishsharma/Library/Mobile Documents/com~apple~CloudDocs/ebv_ms_publication/Alphafold3_pMHC_Folds _v1/folds_2026_08_10_19_18 (3)/ebv_mhc_3005,EBV_MHC_3005|16|ALWNLHGQALFLGIVL,True,,complete_5_of_5
monday_af3_full,0,folds_2026_08_10_19_18 (3),ebv_mhc_33867,EBV_MHC_33867,EBV_MHC_33867,17,3,KTSLYNLRRGTALAIPQCRLTPLSRL,5,5,5,legacy_candidate_pmhc,/Users/anishsharma/Library/Mobile Documents/com~apple~CloudDocs/ebv_ms_publication/Alphafold3_pMHC_Folds _v1/folds_2026_08_10_19_18 (3)/ebv_mhc_33867,EBV_MHC_33867|17|KTSLYNLRRGTALAIPQCRLTPLSRL,True,,complete_5_of_5
monday_af3_full,0,folds_2026_08_10_19_18 (3),ebv_mhc_38633,EBV_MHC_38633,EBV_MHC_38633,18,3,LPPWFPPMVEGAAAEGDDG,5,5,5,legacy_candidate_pmhc,/Users/anishsharma/Library/Mobile Documents/com~apple~CloudDocs/ebv_ms_publication/Alphafold3_pMHC_Folds _v1/folds_2026_08_10_19_18 (3)/ebv_mhc_38633,EBV_MHC_38633|18|LPPWFPPMVEGAAAEGDDG,True,,complete_5_of_5
monday_af3_full,0,folds_2026_08_10_19_18 (3),ebv_mhc_41628,EBV_MHC_41628,EBV_MHC_41628,19,3,MGSLEMVPMGAGPPSPGGDP,5,5,5,legacy_candidate_pmhc,/Users/anishsharma/Library/Mobile Documents/com~apple~CloudDocs/ebv_ms_publication/Alphafold3_pMHC_Folds _v1/folds_2026_08_10_19_18 (3)/ebv_mhc_41628,EBV_MHC_41628|19|MGSLEMVPMGAGPPSPGGDP,True,,complete_5_of_5
monday_af3_full,0,folds_2026_08_10_19_18 (3),ebv_mhc_45380,EBV_MHC_45380,EBV_MHC_45380,20,3,NPKFENIAEGLRALLARSHVERTTDE,5,5,5,legacy_candidate_pmhc,/Users/anishsharma/Library/Mobile Documents/com~apple~CloudDocs/ebv_ms_publication/Alphafold3_pMHC_Folds _v1/folds_2026_08_10_19_18 (3)/ebv_mhc_45380,EBV_MHC_45380|20|NPKFENIAEGLRALLARSHVERTTDE,True,,complete_5_of_5
monday_af3_full,0,folds_2026_08_10_19_18 (3),ebv_mhc_48976,EBV_MHC_48976,EBV_MHC_48976,21,3,PQCRLTPLSRLPFGMAPGPGPQPG,5,5,5,legacy_candidate_pmhc,/Users/anishsharma/Library/Mobile Documents/com~apple~CloudDocs/ebv_ms_publication/Alphafold3_pMHC_Folds _v1/folds_2026_08_10_19_18 (3)/ebv_mhc_48976,EBV_MHC_48976|21|PQCRLTPLSRLPFGMAPGPGPQPG,True,,complete_5_of_5
monday_af3_full,0,folds_2026_08_10_19_18 (3),ebv_mhc_53359,EBV_MHC_53359,EBV_MHC_53359,22,3,RDGVRRPQKRPSCIGCKGT,5,5,5,legacy_candidate_pmhc,/Users/anishsharma/Library/Mobile Documents/com~apple~CloudDocs/ebv_ms_publication/Alphafold3_pMHC_Folds _v1/folds_2026_08_10_19_18 (3)/ebv_mhc_53359,EBV_MHC_53359|22|RDGVRRPQKRPSCIGCKGT,True,,complete_5_of_5
monday_af3_full,0,folds_2026_08_10_19_18 (3),ebv_mhc_55151,EBV_MHC_55151,EBV_MHC_55151,23,3,RPFFHPVGEADYFEYHQEGGPDGEPD,5,5,5,legacy_candidate_pmhc,/Users/anishsharma/Library/Mobile Documents/com~apple~CloudDocs/ebv_ms_publication/Alphafold3_pMHC_Folds _v1/folds_2026_08_10_19_18 (3)/ebv_mhc_55151,EBV_MHC_55151|23|RPFFHPVGEADYFEYHQEGGPDGEPD,True,,complete_5_of_5
monday_af3_full,0,folds_2026_08_10_19_18 (3),ebv_mhc_58072,EBV_MHC_58072,EBV_MHC_58072,24,3,SGHESDSNSNEGRHHLLVSGAGDGPPL,5,5,5,legacy_candidate_pmhc,/Users/anishsharma/Library/Mobile Documents/com~apple~CloudDocs/ebv_ms_publication/Alphafold3_pMHC_Folds _v1/folds_2026_08_10_19_18 (3)/ebv_mhc_58072,EBV_MHC_58072|24|SGHESDSNSNEGRHHLLVSGAGDGPPL,True,,complete_5_of_5
monday_af3_full,0,folds_2026_08_10_19_18 (3),ebv_mhc_63843,EBV_MHC_63843,EBV_MHC_63843,25,3,TGGVYHFVKKHVHES,5,5,5,legacy_candidate_pmhc,/Users/anishsharma/Library/Mobile Documents/com~apple~CloudDocs/ebv_ms_publication/Alphafold3_pMHC_Folds _v1/folds_2026_08_10_19_18 (3)/ebv_mhc_63843,EBV_MHC_63843|25|TGGVYHFVKKHVHES,True,,complete_5_of_5
monday_af3_full,0,folds_2026_08_10_19_18 (3),ebv_mhc_69835,EBV_MHC_69835,EBV_MHC_69835,26,3,VLVMLVLLILAYRRRWRRLTV,5,5,5,legacy_candidate_pmhc,/Users/anishsharma/Library/Mobile Documents/com~apple~CloudDocs/ebv_ms_publication/Alphafold3_pMHC_Folds _v1/folds_2026_08_10_19_18 (3)/ebv_mhc_69835,EBV_MHC_69835|26|VLVMLVLLILAYRRRWRRLTV,True,,complete_5_of_5
monday_af3_full,0,folds_2026_08_10_19_18 (3),ebv_mhc_71181,EBV_MHC_71181,EBV_MHC_71181,27,3,VSTVVTATGLALSLLL,5,5,5,legacy_candidate_pmhc,/Users/anishsharma/Library/Mobile Documents/com~apple~CloudDocs/ebv_ms_publication/Alphafold3_pMHC_Folds _v1/folds_2026_08_10_19_18 (3)/ebv_mhc_71181,EBV_MHC_71181|27|VSTVVTATGLALSLLL,True,,complete_5_of_5
monday_af3_full,0,folds_2026_08_10_19_18 (3),ebv_mhc_8396,EBV_MHC_8396,EBV_MHC_8396,28,3,DGGRRKKGGWFGKHRGQGGSNP,5,5,5,legacy_candidate_pmhc,/Users/anishsharma/Library/Mobile Documents/com~apple~CloudDocs/ebv_ms_publication/Alphafold3_pMHC_Folds _v1/folds_2026_08_10_19_18 (3)/ebv_mhc_8396,EBV_MHC_8396|28|DGGRRKKGGWFGKHRGQGGSNP,True,,complete_5_of_5
monday_af3_full,0,folds_2026_08_10_19_18 (3),ebv_mhc_9646,EBV_MHC_9646,EBV_MHC_9646,29,3,DPHLPTLLLGSSGSGGDDDDPHGPVQLSYYD,5,5,5,legacy_candidate_pmhc,/Users/anishsharma/Library/Mobile Documents/com~apple~CloudDocs/ebv_ms_publication/Alphafold3_pMHC_Folds _v1/folds_2026_08_10_19_18 (3)/ebv_mhc_9646,EBV_MHC_9646|29|DPHLPTLLLGSSGSGGDDDDPHGPVQLSYYD,True,,complete_5_of_5
monday_af3_full,0,folds_2026_08_10_19_18 (3),ebv_tcell_1393562,EBV_TCELL_1393562,EBV_TCELL_1393562,7,3,VLRYHVLLEE,5,5,5,legacy_candidate_pmhc,/Users/anishsharma/Library/Mobile Documents/com~apple~CloudDocs/ebv_ms_publication/Alphafold3_pMHC_Folds _v1/folds_2026_08_10_19_18 (3)/ebv_tcell_1393562,EBV_TCELL_1393562|7|VLRYHVLLEE,True,,complete_5_of_5
monday_af3_full,0,folds_2026_08_10_19_18 (3),ebv_tcell_2268720,EBV_TCELL_2268720,EBV_TCELL_2268720,8,3,GNEIHVYNDYHHFKT,5,5,5,legacy_candidate_pmhc,/Users/anishsharma/Library/Mobile Documents/com~apple~CloudDocs/ebv_ms_publication/Alphafold3_pMHC_Folds _v1/folds_2026_08_10_19_18 (3)/ebv_tcell_2268720,EBV_TCELL_2268720|8|GNEIHVYNDYHHFKT,True,,complete_5_of_5
monday_af3_full,0,folds_2026_08_10_19_18 (3),ebv_tcell_2268741,EBV_TCELL_2268741,EBV_TCELL_2268741,2,3,IMNILRIYYSPSIM,5,5,5,legacy_candidate_pmhc,/Users/anishsharma/Library/Mobile Documents/com~apple~CloudDocs/ebv_ms_publication/Alphafold3_pMHC_Folds _v1/folds_2026_08_10_19_18 (3)/ebv_tcell_2268741,EBV_TCELL_2268741|2|IMNILRIYYSPSIM,True,,complete_5_of_5
monday_af3_full,0,folds_2026_08_10_19_18 (3),ebv_tcell_2268934,EBV_TCELL_2268934,EBV_TCELL_2268934,3,3,VTTFVHYANFHNYFVPN,5,5,5,legacy_candidate_pmhc,/Users/anishsharma/Library/Mobile Documents/com~apple~CloudDocs/ebv_ms_publication/Alphafold3_pMHC_Folds _v1/folds_2026_08_10_19_18 (3)/ebv_tcell_2268934,EBV_TCELL_2268934|3|VTTFVHYANFHNYFVPN,True,,complete_5_of_5
monday_af3_full,0,folds_2026_08_10_19_18 (3),human_myelin_112191,HUMAN_MYELIN_112191,HUMAN_MYELIN_112191,30,3,KYLATASTMDHARHGFLPRH,5,5,5,legacy_candidate_pmhc,/Users/anishsharma/Library/Mobile Documents/com~apple~CloudDocs/ebv_ms_publication/Alphafold3_pMHC_Folds _v1/folds_2026_08_10_19_18 (3)/human_myelin_112191,HUMAN_MYELIN_112191|30|KYLATASTMDHARHGFLPRH,True,,complete_5_of_5
monday_af3_full,0,folds_2026_08_10_19_18 (3),human_myelin_112226,HUMAN_MYELIN_112226,HUMAN_MYELIN_112226,4,3,MEVGWYRPPFSRVVHLYRNGK,5,5,5,legacy_candidate_pmhc,/Users/anishsharma/Library/Mobile Documents/com~apple~CloudDocs/ebv_ms_publication/Alphafold3_pMHC_Folds _v1/folds_2026_08_10_19_18 (3)/human_myelin_112226,HUMAN_MYELIN_112226|4|MEVGWYRPPFSRVVHLYRNGK,True,,complete_5_of_5
monday_af3_full,0,folds_2026_08_10_19_18 (3),human_myelin_114366,HUMAN_MYELIN_114366,HUMAN_MYELIN_114366,6,3,GKGRGLSLSRFSWGAEGQRP,5,5,5,legacy_candidate_pmhc,/Users/anishsharma/Library/Mobile Documents/com~apple~CloudDocs/ebv_ms_publication/Alphafold3_pMHC_Folds _v1/folds_2026_08_10_19_18 (3)/human_myelin_114366,HUMAN_MYELIN_114366|6|GKGRGLSLSRFSWGAEGQRP,True,,complete_5_of_5
monday_af3_full,0,folds_2026_08_10_19_18 (3),human_myelin_116079,HUMAN_MYELIN_116079,HUMAN_MYELIN_116079,5,3,ATASTMDHARHGFLPRHRDTGIL,5,5,5,legacy_candidate_pmhc,/Users/anishsharma/Library/Mobile Documents/com~apple~CloudDocs/ebv_ms_publication/Alphafold3_pMHC_Folds _v1/folds_2026_08_10_19_18 (3)/human_myelin_116079,HUMAN_MYELIN_116079|5|ATASTMDHARHGFLPRHRDTGIL,True,,complete_5_of_5
monday_af3_full,0,folds_2026_08_10_19_18 (3),human_myelin_40762,HUMAN_MYELIN_40762,HUMAN_MYELIN_40762,1,3,LYGALLLAEGFYTTGAVRQI,5,5,5,legacy_candidate_pmhc,/Users/anishsharma/Library/Mobile Documents/com~apple~CloudDocs/ebv_ms_publication/Alphafold3_pMHC_Folds _v1/folds_2026_08_10_19_18 (3)/human_myelin_40762,HUMAN_MYELIN_40762|1|LYGALLLAEGFYTTGAVRQI,True,,complete_5_of_5
monday_af3_full,0,folds_2026_08_10_19_19,human_myelin_116993,HUMAN_MYELIN_116993,HUMAN_MYELIN_116993,186283623,3,GSKYLATASTMDHARHGFLPRHRDTGILDSIGRFFGGDRG,5,5,5,legacy_candidate_pmhc,/Users/anishsharma/Library/Mobile Documents/com~apple~CloudDocs/ebv_ms_publication/Alphafold3_pMHC_Folds _v1/folds_2026_08_10_19_19/human_myelin_116993,HUMAN_MYELIN_116993|186283623|GSKYLATASTMDHARHGFLPRHRDTGILDSIGRFFGGDRG,True,,complete_5_of_5
monday_af3_full,0,folds_2026_08_10_19_19,human_myelin_117009,HUMAN_MYELIN_117009,HUMAN_MYELIN_117009,1582341357,3,IGRFFGGDRGAPKRGSGKDSHHPARTAHY,5,5,5,legacy_candidate_pmhc,/Users/anishsharma/Library/Mobile Documents/com~apple~CloudDocs/ebv_ms_publication/Alphafold3_pMHC_Folds _v1/folds_2026_08_10_19_19/human_myelin_117009,HUMAN_MYELIN_117009|1582341357|IGRFFGGDRGAPKRGSGKDSHHPARTAHY,True,,complete_5_of_5
monday_af3_full,0,folds_2026_08_10_19_19,human_myelin_117039,HUMAN_MYELIN_117039,HUMAN_MYELIN_117039,2087395588,3,LLECCARCLVGAPFASLVATGLCFFGVALFC,5,5,5,legacy_candidate_pmhc,/Users/anishsharma/Library/Mobile Documents/com~apple~CloudDocs/ebv_ms_publication/Alphafold3_pMHC_Folds _v1/folds_2026_08_10_19_19/human_myelin_117039,HUMAN_MYELIN_117039|2087395588|LLECCARCLVGAPFASLVATGLCFFGVALFC,True,,complete_5_of_5
monday_af3_full,0,folds_2026_08_10_19_19,human_myelin_118650,HUMAN_MYELIN_118650,HUMAN_MYELIN_118650,1335842977,3,VFLCLQYRLRGKLRAE,5,5,5,legacy_candidate_pmhc,/Users/anishsharma/Library/Mobile Documents/com~apple~CloudDocs/ebv_ms_publication/Alphafold3_pMHC_Folds _v1/folds_2026_08_10_19_19/human_myelin_118650,HUMAN_MYELIN_118650|1335842977|VFLCLQYRLRGKLRAE,True,,complete_5_of_5
monday_af3_full,0,folds_2026_08_10_19_19,human_myelin_119809,HUMAN_MYELIN_119809,HUMAN_MYELIN_119809,137613071,3,DTGILDSIGRF,5,5,5,legacy_candidate_pmhc,/Users/anishsharma/Library/Mobile Documents/com~apple~CloudDocs/ebv_ms_publication/Alphafold3_pMHC_Folds _v1/folds_2026_08_10_19_19/human_myelin_119809,HUMAN_MYELIN_119809|137613071|DTGILDSIGRF,True,,complete_5_of_5
monday_af3_full,0,folds_2026_08_10_19_19 (1),glialcam_370_389_ps376,GLIALCAM_370_389_pS376,GLIALCAM_370_389_PS376,27,3,ATGRTHSSPPRAPSSPGRSR,5,5,5,special_glialcam_control,/Users/anishsharma/Library/Mobile Documents/com~apple~CloudDocs/ebv_ms_publication/Alphafold3_pMHC_Folds _v1/folds_2026_08_10_19_19 (1)/glialcam_370_389_ps376,GLIALCAM_370_389_PS376|27|ATGRTHSSPPRAPSSPGRSR,True,,complete_5_of_5
monday_af3_full,0,folds_2026_08_10_19_19 (1),glialcam_370_389_ps377,GLIALCAM_370_389_pS377,GLIALCAM_370_389_PS377,28,3,ATGRTHSSPPRAPSSPGRSR,5,5,5,special_glialcam_control,/Users/anishsharma/Library/Mobile Documents/com~apple~CloudDocs/ebv_ms_publication/Alphafold3_pMHC_Folds _v1/folds_2026_08_10_19_19 (1)/glialcam_370_389_ps377,GLIALCAM_370_389_PS377|28|ATGRTHSSPPRAPSSPGRSR,True,,complete_5_of_5
monday_af3_full,0,folds_2026_08_10_19_19 (1),glialcam_370_389_ps383,GLIALCAM_370_389_pS383,GLIALCAM_370_389_PS383,29,3,ATGRTHSSPPRAPSSPGRSR,5,5,5,special_glialcam_control,/Users/anishsharma/Library/Mobile Documents/com~apple~CloudDocs/ebv_ms_publication/Alphafold3_pMHC_Folds _v1/folds_2026_08_10_19_19 (1)/glialcam_370_389_ps383,GLIALCAM_370_389_PS383|29|ATGRTHSSPPRAPSSPGRSR,True,,complete_5_of_5
monday_af3_full,0,folds_2026_08_10_19_19 (1),glialcam_370_389_ps384,GLIALCAM_370_389_pS384,GLIALCAM_370_389_PS384,30,3,ATGRTHSSPPRAPSSPGRSR,5,5,5,special_glialcam_control,/Users/anishsharma/Library/Mobile Documents/com~apple~CloudDocs/ebv_ms_publication/Alphafold3_pMHC_Folds _v1/folds_2026_08_10_19_19 (1)/glialcam_370_389_ps384,GLIALCAM_370_389_PS384|30|ATGRTHSSPPRAPSSPGRSR,True,,complete_5_of_5
monday_af3_full,0,folds_2026_08_10_19_19 (1),human_myelin_119927,HUMAN_MYELIN_119927,HUMAN_MYELIN_119927,16,3,HGSKYLATASTMDHA,5,5,5,legacy_candidate_pmhc,/Users/anishsharma/Library/Mobile Documents/com~apple~CloudDocs/ebv_ms_publication/Alphafold3_pMHC_Folds _v1/folds_2026_08_10_19_19 (1)/human_myelin_119927,HUMAN_MYELIN_119927|16|HGSKYLATASTMDHA,True,,complete_5_of_5
monday_af3_full,0,folds_2026_08_10_19_19 (1),human_myelin_119972,HUMAN_MYELIN_119972,HUMAN_MYELIN_119972,17,3,IVTPRTPPPSQGKGRG,5,5,5,legacy_candidate_pmhc,/Users/anishsharma/Library/Mobile Documents/com~apple~CloudDocs/ebv_ms_publication/Alphafold3_pMHC_Folds _v1/folds_2026_08_10_19_19 (1)/human_myelin_119972,HUMAN_MYELIN_119972|17|IVTPRTPPPSQGKGRG,True,,complete_5_of_5
monday_af3_full,0,folds_2026_08_10_19_19 (1),human_myelin_119973,HUMAN_MYELIN_119973,HUMAN_MYELIN_119973,18,3,IVTPRTPPPSQGKGRGLS,5,5,5,legacy_candidate_pmhc,/Users/anishsharma/Library/Mobile Documents/com~apple~CloudDocs/ebv_ms_publication/Alphafold3_pMHC_Folds _v1/folds_2026_08_10_19_19 (1)/human_myelin_119973,HUMAN_MYELIN_119973|18|IVTPRTPPPSQGKGRGLS,True,,complete_5_of_5
monday_af3_full,0,folds_2026_08_10_19_19 (1),human_myelin_120169,HUMAN_MYELIN_120169,HUMAN_MYELIN_120169,19,3,RHGSKYLATA,5,5,5,legacy_candidate_pmhc,/Users/anishsharma/Library/Mobile Documents/com~apple~CloudDocs/ebv_ms_publication/Alphafold3_pMHC_Folds _v1/folds_2026_08_10_19_19 (1)/human_myelin_120169,HUMAN_MYELIN_120169|19|RHGSKYLATA,True,,complete_5_of_5
monday_af3_full,0,folds_2026_08_10_19_19 (1),human_myelin_120170,HUMAN_MYELIN_120170,HUMAN_MYELIN_120170,20,3,RHGSKYLATASTMDHARH,5,5,5,legacy_candidate_pmhc,/Users/anishsharma/Library/Mobile Documents/com~apple~CloudDocs/ebv_ms_publication/Alphafold3_pMHC_Folds _v1/folds_2026_08_10_19_19 (1)/human_myelin_120170,HUMAN_MYELIN_120170|20|RHGSKYLATASTMDHARH,True,,complete_5_of_5
monday_af3_full,0,folds_2026_08_10_19_19 (1),human_myelin_120201,HUMAN_MYELIN_120201,HUMAN_MYELIN_120201,21,3,SHGRTQDENPVVHF,5,5,5,legacy_candidate_pmhc,/Users/anishsharma/Library/Mobile Documents/com~apple~CloudDocs/ebv_ms_publication/Alphafold3_pMHC_Folds _v1/folds_2026_08_10_19_19 (1)/human_myelin_120201,HUMAN_MYELIN_120201|21|SHGRTQDENPVVHF,True,,complete_5_of_5
monday_af3_full,0,folds_2026_08_10_19_19 (1),human_myelin_35803,HUMAN_MYELIN_35803,HUMAN_MYELIN_35803,22,3,LFCGCGHEALTGTEKLIETY,5,5,5,legacy_candidate_pmhc,/Users/anishsharma/Library/Mobile Documents/com~apple~CloudDocs/ebv_ms_publication/Alphafold3_pMHC_Folds _v1/folds_2026_08_10_19_19 (1)/human_myelin_35803,HUMAN_MYELIN_35803|22|LFCGCGHEALTGTEKLIETY,True,,complete_5_of_5
monday_af3_full,0,folds_2026_08_10_19_19 (1),human_myelin_40353,HUMAN_MYELIN_40353,HUMAN_MYELIN_40353,23,3,LVGAPFASLVATGLCFFGVA,5,5,5,legacy_candidate_pmhc,/Users/anishsharma/Library/Mobile Documents/com~apple~CloudDocs/ebv_ms_publication/Alphafold3_pMHC_Folds _v1/folds_2026_08_10_19_19 (1)/human_myelin_40353,HUMAN_MYELIN_40353|23|LVGAPFASLVATGLCFFGVA,True,,complete_5_of_5
monday_af3_full,0,folds_2026_08_10_19_19 (1),human_myelin_51191,HUMAN_MYELIN_51191,HUMAN_MYELIN_51191,24,3,QKGRGSRGQHQAHSLERVCH,5,5,5,legacy_candidate_pmhc,/Users/anishsharma/Library/Mobile Documents/com~apple~CloudDocs/ebv_ms_publication/Alphafold3_pMHC_Folds _v1/folds_2026_08_10_19_19 (1)/human_myelin_51191,HUMAN_MYELIN_51191|24|QKGRGSRGQHQAHSLERVCH,True,,complete_5_of_5
monday_af3_full,0,folds_2026_08_10_19_19 (1),human_myelin_63975,HUMAN_MYELIN_63975,HUMAN_MYELIN_63975,25,3,TGTEKLIETYFSKNYQDYEY,5,5,5,legacy_candidate_pmhc,/Users/anishsharma/Library/Mobile Documents/com~apple~CloudDocs/ebv_ms_publication/Alphafold3_pMHC_Folds _v1/folds_2026_08_10_19_19 (1)/human_myelin_63975,HUMAN_MYELIN_63975|25|TGTEKLIETYFSKNYQDYEY,True,,complete_5_of_5
monday_af3_full,0,folds_2026_08_10_19_19 (1),human_myelin_73159,HUMAN_MYELIN_73159,HUMAN_MYELIN_73159,26,3,WTTCQSIAFPSKTSASIGSL,5,5,5,legacy_candidate_pmhc,/Users/anishsharma/Library/Mobile Documents/com~apple~CloudDocs/ebv_ms_publication/Alphafold3_pMHC_Folds _v1/folds_2026_08_10_19_19 (1)/human_myelin_73159,HUMAN_MYELIN_73159|26|WTTCQSIAFPSKTSASIGSL,True,,complete_5_of_5
new_background_af3,2,json3folds,decoy_02_hy_enga_drb1_s101,DECOY_02_HY_ENGA_DRB1_S101,DECOY_02_HY_ENGA_DRB1_S101,101,5,,5,5,5,excluded_non_pmhc_chain_layout,/Users/anishsharma/Library/Mobile Documents/com~apple~CloudDocs/ebv_ms_publication/Alphafold3_pMHCs/json3folds/decoy_02_hy_enga_drb1_s101,DECOY_02_HY_ENGA_DRB1_S101|101|,True,,complete_5_of_5
new_background_af3,2,json3folds,ebvms_bg_human_background_108324_s03,ebvms_bg_HUMAN_BACKGROUND_108324_s03,HUMAN_BACKGROUND_108324,104761,3,DTQFVRFDSDAASPR,5,5,5,new_human_background_pmhc,/Users/anishsharma/Library/Mobile Documents/com~apple~CloudDocs/ebv_ms_publication/Alphafold3_pMHCs/json3folds/ebvms_bg_human_background_108324_s03,HUMAN_BACKGROUND_108324|104761|DTQFVRFDSDAASPR,True,,complete_5_of_5
new_background_af3,2,json3folds,ebvms_bg_human_background_108677_s03,ebvms_bg_HUMAN_BACKGROUND_108677_s03,HUMAN_BACKGROUND_108677,104761,3,VDDTQFVRFDSDAASPR,5,5,5,new_human_background_pmhc,/Users/anishsharma/Library/Mobile Documents/com~apple~CloudDocs/ebv_ms_publication/Alphafold3_pMHCs/json3folds/ebvms_bg_human_background_108677_s03,HUMAN_BACKGROUND_108677|104761|VDDTQFVRFDSDAASPR,True,,complete_5_of_5
new_background_af3,2,json3folds,ebvms_bg_human_background_119777_s03,ebvms_bg_HUMAN_BACKGROUND_119777_s03,HUMAN_BACKGROUND_119777,538195907,3,AVILPPLSPYFK,5,5,5,new_human_background_pmhc,/Users/anishsharma/Library/Mobile Documents/com~apple~CloudDocs/ebv_ms_publication/Alphafold3_pMHCs/json3folds/ebvms_bg_human_background_119777_s03,HUMAN_BACKGROUND_119777|538195907|AVILPPLSPYFK,True,,complete_5_of_5
new_background_af3,2,json3folds,ebvms_bg_human_background_119797_s03,ebvms_bg_HUMAN_BACKGROUND_119797_s03,HUMAN_BACKGROUND_119797,104761,3,DGVIKVFNDMKVRK,5,5,5,new_human_background_pmhc,/Users/anishsharma/Library/Mobile Documents/com~apple~CloudDocs/ebv_ms_publication/Alphafold3_pMHCs/json3folds/ebvms_bg_human_background_119797_s03,HUMAN_BACKGROUND_119797|104761|DGVIKVFNDMKVRK,True,,complete_5_of_5
new_background_af3,2,json3folds,ebvms_bg_human_background_119901_s03,ebvms_bg_HUMAN_BACKGROUND_119901_s03,HUMAN_BACKGROUND_119901,104761,3,GKVNVDEVGGEALGRL,5,5,5,new_human_background_pmhc,/Users/anishsharma/Library/Mobile Documents/com~apple~CloudDocs/ebv_ms_publication/Alphafold3_pMHCs/json3folds/ebvms_bg_human_background_119901_s03,HUMAN_BACKGROUND_119901|104761|GKVNVDEVGGEALGRL,True,,complete_5_of_5
new_background_af3,2,json3folds,ebvms_bg_human_background_119921_s03,ebvms_bg_HUMAN_BACKGROUND_119921_s03,HUMAN_BACKGROUND_119921,334251742,3,GWSSHPPPSPCREQEIR,5,5,5,new_human_background_pmhc,/Users/anishsharma/Library/Mobile Documents/com~apple~CloudDocs/ebv_ms_publication/Alphafold3_pMHCs/json3folds/ebvms_bg_human_background_119921_s03,HUMAN_BACKGROUND_119921|334251742|GWSSHPPPSPCREQEIR,True,,complete_5_of_5
new_background_af3,2,json3folds,ebvms_bg_human_background_119944_s03,ebvms_bg_HUMAN_BACKGROUND_119944_s03,HUMAN_BACKGROUND_119944,1299046477,3,IIEETKVEDEK,5,5,5,new_human_background_pmhc,/Users/anishsharma/Library/Mobile Documents/com~apple~CloudDocs/ebv_ms_publication/Alphafold3_pMHCs/json3folds/ebvms_bg_human_background_119944_s03,HUMAN_BACKGROUND_119944|1299046477|IIEETKVEDEK,True,,complete_5_of_5
new_background_af3,2,json3folds,ebvms_bg_human_background_120087_s03,ebvms_bg_HUMAN_BACKGROUND_120087_s03,HUMAN_BACKGROUND_120087,104763,3,LSFPTTKTYFPHF,5,5,5,new_human_background_pmhc,/Users/anishsharma/Library/Mobile Documents/com~apple~CloudDocs/ebv_ms_publication/Alphafold3_pMHCs/json3folds/ebvms_bg_human_background_120087_s03,HUMAN_BACKGROUND_120087|104763|LSFPTTKTYFPHF,True,,complete_5_of_5
new_background_af3,2,json3folds,ebvms_bg_human_background_120112_s03,ebvms_bg_HUMAN_BACKGROUND_120112_s03,HUMAN_BACKGROUND_120112,104762,3,NQELRADGTVNQIEG,5,5,5,new_human_background_pmhc,/Users/anishsharma/Library/Mobile Documents/com~apple~CloudDocs/ebv_ms_publication/Alphafold3_pMHCs/json3folds/ebvms_bg_human_background_120112_s03,HUMAN_BACKGROUND_120112|104762|NQELRADGTVNQIEG,True,,complete_5_of_5
new_background_af3_seed03_completion,3,folds_2026_08_15_01_53,ebvms_bg_human_background_10460_s03,ebvms_bg_HUMAN_BACKGROUND_10460_s03,HUMAN_BACKGROUND_10460,1183999925,3,DTQFVRFDSDAASQR,5,5,5,new_human_background_pmhc,/Users/anishsharma/Library/Mobile Documents/com~apple~CloudDocs/ebv_ms_publication/folds_2026_08_15_01_53/ebvms_bg_human_background_10460_s03,HUMAN_BACKGROUND_10460|1183999925|DTQFVRFDSDAASQR,True,,complete_5_of_5
new_background_af3_seed03_completion,3,folds_2026_08_15_01_53,ebvms_bg_human_background_10461_s03,ebvms_bg_HUMAN_BACKGROUND_10461_s03,HUMAN_BACKGROUND_10461,1986789771,3,DTQFVRFDSDAASQRMEP,5,5,5,new_human_background_pmhc,/Users/anishsharma/Library/Mobile Documents/com~apple~CloudDocs/ebv_ms_publication/folds_2026_08_15_01_53/ebvms_bg_human_background_10461_s03,HUMAN_BACKGROUND_10461|1986789771|DTQFVRFDSDAASQRMEP,True,,complete_5_of_5
new_background_af3_seed03_completion,3,folds_2026_08_15_01_53,ebvms_bg_human_background_10461_s03_2,ebvms_bg_HUMAN_BACKGROUND_10461_s03,HUMAN_BACKGROUND_10461,1347165228,3,DTQFVRFDSDAASQRMEP,5,5,5,new_human_background_pmhc,/Users/anishsharma/Library/Mobile Documents/com~apple~CloudDocs/ebv_ms_publication/folds_2026_08_15_01_53/ebvms_bg_human_background_10461_s03_2,HUMAN_BACKGROUND_10461|1347165228|DTQFVRFDSDAASQRMEP,True,,complete_5_of_5
new_background_af3_seed03_completion,3,folds_2026_08_15_01_53,ebvms_bg_human_background_115891_s03,ebvms_bg_HUMAN_BACKGROUND_115891_s03,HUMAN_BACKGROUND_115891,1224417544,3,PKSGHDTVSWYQQALGQG,5,5,5,new_human_background_pmhc,/Users/anishsharma/Library/Mobile Documents/com~apple~CloudDocs/ebv_ms_publication/folds_2026_08_15_01_53/ebvms_bg_human_background_115891_s03,HUMAN_BACKGROUND_115891|1224417544|PKSGHDTVSWYQQALGQG,True,,complete_5_of_5
new_background_af3_seed03_completion,3,folds_2026_08_15_01_53,ebvms_bg_human_background_118550_s03,ebvms_bg_HUMAN_BACKGROUND_118550_s03,HUMAN_BACKGROUND_118550,125659505,3,PEPAKSAPAPKKGSKKAV,5,5,5,new_human_background_pmhc,/Users/anishsharma/Library/Mobile Documents/com~apple~CloudDocs/ebv_ms_publication/folds_2026_08_15_01_53/ebvms_bg_human_background_118550_s03,HUMAN_BACKGROUND_118550|125659505|PEPAKSAPAPKKGSKKAV,True,,complete_5_of_5
new_background_af3_seed03_completion,3,folds_2026_08_15_01_53,ebvms_bg_human_background_118550_s03_2,ebvms_bg_HUMAN_BACKGROUND_118550_s03,HUMAN_BACKGROUND_118550,2101104724,3,PEPAKSAPAPKKGSKKAV,5,5,5,new_human_background_pmhc,/Users/anishsharma/Library/Mobile Documents/com~apple~CloudDocs/ebv_ms_publication/folds_2026_08_15_01_53/ebvms_bg_human_background_118550_s03_2,HUMAN_BACKGROUND_118550|2101104724|PEPAKSAPAPKKGSKKAV,True,,complete_5_of_5
new_background_af3_seed03_completion,3,folds_2026_08_15_01_53,ebvms_bg_human_background_119732_s03,ebvms_bg_HUMAN_BACKGROUND_119732_s03,HUMAN_BACKGROUND_119732,1742505091,3,AAHLPAEFTPAVHASLDKF,5,5,5,new_human_background_pmhc,/Users/anishsharma/Library/Mobile Documents/com~apple~CloudDocs/ebv_ms_publication/folds_2026_08_15_01_53/ebvms_bg_human_background_119732_s03,HUMAN_BACKGROUND_119732|1742505091|AAHLPAEFTPAVHASLDKF,True,,complete_5_of_5
new_background_af3_seed03_completion,3,folds_2026_08_15_01_53,ebvms_bg_human_background_119780_s03,ebvms_bg_HUMAN_BACKGROUND_119780_s03,HUMAN_BACKGROUND_119780,35585236,3,AVVDKAAEAGGAEEQYG,5,5,5,new_human_background_pmhc,/Users/anishsharma/Library/Mobile Documents/com~apple~CloudDocs/ebv_ms_publication/folds_2026_08_15_01_53/ebvms_bg_human_background_119780_s03,HUMAN_BACKGROUND_119780|35585236|AVVDKAAEAGGAEEQYG,True,,complete_5_of_5
new_background_af3_seed03_completion,3,folds_2026_08_15_01_53,ebvms_bg_human_background_119780_s03_2,ebvms_bg_HUMAN_BACKGROUND_119780_s03,HUMAN_BACKGROUND_119780,971545970,3,AVVDKAAEAGGAEEQYG,5,5,5,new_human_background_pmhc,/Users/anishsharma/Library/Mobile Documents/com~apple~CloudDocs/ebv_ms_publication/folds_2026_08_15_01_53/ebvms_bg_human_background_119780_s03_2,HUMAN_BACKGROUND_119780|971545970|AVVDKAAEAGGAEEQYG,True,,complete_5_of_5
new_background_af3_seed03_completion,3,folds_2026_08_15_01_53,ebvms_bg_human_background_119780_s03_3,ebvms_bg_HUMAN_BACKGROUND_119780_s03,HUMAN_BACKGROUND_119780,1142895974,3,AVVDKAAEAGGAEEQYG,5,5,5,new_human_background_pmhc,/Users/anishsharma/Library/Mobile Documents/com~apple~CloudDocs/ebv_ms_publication/folds_2026_08_15_01_53/ebvms_bg_human_background_119780_s03_3,HUMAN_BACKGROUND_119780|1142895974|AVVDKAAEAGGAEEQYG,True,,complete_5_of_5
new_background_af3_seed03_completion,3,folds_2026_08_15_01_53,ebvms_bg_human_background_119817_s03,ebvms_bg_HUMAN_BACKGROUND_119817_s03,HUMAN_BACKGROUND_119817,1619601460,3,DVGVYRAVTPQGRPD,5,5,5,new_human_background_pmhc,/Users/anishsharma/Library/Mobile Documents/com~apple~CloudDocs/ebv_ms_publication/folds_2026_08_15_01_53/ebvms_bg_human_background_119817_s03,HUMAN_BACKGROUND_119817|1619601460|DVGVYRAVTPQGRPD,True,,complete_5_of_5
new_background_af3_seed03_completion,3,folds_2026_08_15_01_53,ebvms_bg_human_background_119866_s03,ebvms_bg_HUMAN_BACKGROUND_119866_s03,HUMAN_BACKGROUND_119866,776851875,3,FLSFPTTKTYFPHF,5,5,5,new_human_background_pmhc,/Users/anishsharma/Library/Mobile Documents/com~apple~CloudDocs/ebv_ms_publication/folds_2026_08_15_01_53/ebvms_bg_human_background_119866_s03,HUMAN_BACKGROUND_119866|776851875|FLSFPTTKTYFPHF,True,,complete_5_of_5
new_background_af3_seed03_completion,3,folds_2026_08_15_01_53,ebvms_bg_human_background_119866_s03_2,ebvms_bg_HUMAN_BACKGROUND_119866_s03,HUMAN_BACKGROUND_119866,494044948,3,FLSFPTTKTYFPHF,5,5,5,new_human_background_pmhc,/Users/anishsharma/Library/Mobile Documents/com~apple~CloudDocs/ebv_ms_publication/folds_2026_08_15_01_53/ebvms_bg_human_background_119866_s03_2,HUMAN_BACKGROUND_119866|494044948|FLSFPTTKTYFPHF,True,,complete_5_of_5
new_background_af3_seed03_completion,3,folds_2026_08_15_01_53,ebvms_bg_human_background_119902_s03,ebvms_bg_HUMAN_BACKGROUND_119902_s03,HUMAN_BACKGROUND_119902,1515339929,3,GKVNVDEVGGEALGRLL,5,5,5,new_human_background_pmhc,/Users/anishsharma/Library/Mobile Documents/com~apple~CloudDocs/ebv_ms_publication/folds_2026_08_15_01_53/ebvms_bg_human_background_119902_s03,HUMAN_BACKGROUND_119902|1515339929|GKVNVDEVGGEALGRLL,True,,complete_5_of_5
new_background_af3_seed03_completion,3,folds_2026_08_15_01_53,ebvms_bg_human_background_119909_s03,ebvms_bg_HUMAN_BACKGROUND_119909_s03,HUMAN_BACKGROUND_119909,1356047960,3,GNRIAQWQSFQLEG,5,5,5,new_human_background_pmhc,/Users/anishsharma/Library/Mobile Documents/com~apple~CloudDocs/ebv_ms_publication/folds_2026_08_15_01_53/ebvms_bg_human_background_119909_s03,HUMAN_BACKGROUND_119909|1356047960|GNRIAQWQSFQLEG,True,,complete_5_of_5
new_background_af3_seed03_completion,3,folds_2026_08_15_01_53,ebvms_bg_human_background_119909_s03_2,ebvms_bg_HUMAN_BACKGROUND_119909_s03,HUMAN_BACKGROUND_119909,1310546430,3,GNRIAQWQSFQLEG,5,5,5,new_human_background_pmhc,/Users/anishsharma/Library/Mobile Documents/com~apple~CloudDocs/ebv_ms_publication/folds_2026_08_15_01_53/ebvms_bg_human_background_119909_s03_2,HUMAN_BACKGROUND_119909|1310546430|GNRIAQWQSFQLEG,True,,complete_5_of_5
new_background_af3_seed03_completion,3,folds_2026_08_15_01_53,ebvms_bg_human_background_119963_s03,ebvms_bg_HUMAN_BACKGROUND_119963_s03,HUMAN_BACKGROUND_119963,1593793454,3,ISWYDNEFGYSNRVVDL,5,5,5,new_human_background_pmhc,/Users/anishsharma/Library/Mobile Documents/com~apple~CloudDocs/ebv_ms_publication/folds_2026_08_15_01_53/ebvms_bg_human_background_119963_s03,HUMAN_BACKGROUND_119963|1593793454|ISWYDNEFGYSNRVVDL,True,,complete_5_of_5
new_background_af3_seed03_completion,3,folds_2026_08_15_01_53,ebvms_bg_human_background_120012_s03,ebvms_bg_HUMAN_BACKGROUND_120012_s03,HUMAN_BACKGROUND_120012,84938826,3,KVYNEAGVTFT,5,5,5,new_human_background_pmhc,/Users/anishsharma/Library/Mobile Documents/com~apple~CloudDocs/ebv_ms_publication/folds_2026_08_15_01_53/ebvms_bg_human_background_120012_s03,HUMAN_BACKGROUND_120012|84938826|KVYNEAGVTFT,True,,complete_5_of_5
new_background_af3_seed03_completion,3,folds_2026_08_15_01_53,ebvms_bg_human_background_120016_s03,ebvms_bg_HUMAN_BACKGROUND_120016_s03,HUMAN_BACKGROUND_120016,1600766190,3,LASVSTVLTSKY,5,5,5,new_human_background_pmhc,/Users/anishsharma/Library/Mobile Documents/com~apple~CloudDocs/ebv_ms_publication/folds_2026_08_15_01_53/ebvms_bg_human_background_120016_s03,HUMAN_BACKGROUND_120016|1600766190|LASVSTVLTSKY,True,,complete_5_of_5
new_background_af3_seed03_completion,3,folds_2026_08_15_01_53,ebvms_bg_human_background_120023_s03,ebvms_bg_HUMAN_BACKGROUND_120023_s03,HUMAN_BACKGROUND_120023,1703924789,3,LERIQIQEAAKKKPG,5,5,5,new_human_background_pmhc,/Users/anishsharma/Library/Mobile Documents/com~apple~CloudDocs/ebv_ms_publication/folds_2026_08_15_01_53/ebvms_bg_human_background_120023_s03,HUMAN_BACKGROUND_120023|1703924789|LERIQIQEAAKKKPG,True,,complete_5_of_5
new_background_af3_seed03_completion,3,folds_2026_08_15_01_53,ebvms_bg_human_background_120080_s03,ebvms_bg_HUMAN_BACKGROUND_120080_s03,HUMAN_BACKGROUND_120080,666830707,3,LNTILPDARDPAFK,5,5,5,new_human_background_pmhc,/Users/anishsharma/Library/Mobile Documents/com~apple~CloudDocs/ebv_ms_publication/folds_2026_08_15_01_53/ebvms_bg_human_background_120080_s03,HUMAN_BACKGROUND_120080|666830707|LNTILPDARDPAFK,True,,complete_5_of_5
new_background_af3_seed03_completion,3,folds_2026_08_15_01_53,ebvms_bg_human_background_120139_s03,ebvms_bg_HUMAN_BACKGROUND_120139_s03,HUMAN_BACKGROUND_120139,763669660,3,PVDLSKWSGPLSL,5,5,5,new_human_background_pmhc,/Users/anishsharma/Library/Mobile Documents/com~apple~CloudDocs/ebv_ms_publication/folds_2026_08_15_01_53/ebvms_bg_human_background_120139_s03,HUMAN_BACKGROUND_120139|763669660|PVDLSKWSGPLSL,True,,complete_5_of_5
new_background_af3_seed03_completion,3,folds_2026_08_15_01_53,ebvms_bg_human_background_65787_s03,ebvms_bg_HUMAN_BACKGROUND_65787_s03,HUMAN_BACKGROUND_65787,1869938083,3,TPTLVEVSRNLGKVG,5,5,5,new_human_background_pmhc,/Users/anishsharma/Library/Mobile Documents/com~apple~CloudDocs/ebv_ms_publication/folds_2026_08_15_01_53/ebvms_bg_human_background_65787_s03,HUMAN_BACKGROUND_65787|1869938083|TPTLVEVSRNLGKVG,True,,complete_5_of_5
new_background_af3_seed03_completion,3,folds_2026_08_15_01_53,ebvms_bg_human_background_79901_s03,ebvms_bg_HUMAN_BACKGROUND_79901_s03,HUMAN_BACKGROUND_79901,635930536,3,LEEFGRFASFEAQG,5,5,5,new_human_background_pmhc,/Users/anishsharma/Library/Mobile Documents/com~apple~CloudDocs/ebv_ms_publication/folds_2026_08_15_01_53/ebvms_bg_human_background_79901_s03,HUMAN_BACKGROUND_79901|635930536|LEEFGRFASFEAQG,True,,complete_5_of_5
