allele,analysis_role,arm,bundle_fingerprint,candidate_id,canonical_directory,canonical_model_key,claim_boundary,clash_sample_count,cohort,complete_occurrence_count,cross_hla_comparison_allowed,distinct_complete_bundle_count,download_status,duplicate_bundle_fingerprint,duplicate_directory,duplicate_handling,entity_id,entity_role,exact_sample_count,expected_sample_count,job_name,model_status,observed_sample_count,panel_version,peptide_sequence,request_identity_pass,selected_iptm,selected_peptide_mean_plddt,selected_ranking_score,selected_sample_index,server_seed,status,technical_status,valid_geometry_sample_count,within_job_peptide_pose_rmsd_max_A,within_job_peptide_pose_rmsd_median_A
HLA-DRB1*03:01,divergent_unplanned_repeat_sensitivity,,b53f0d5925296c8be66a1474581ab042e365b92ea56f1e9babc66a2342ab3aa1,EBV_IEDB_090bd09c6880,/Users/anishsharma/Library/Mobile Documents/com~apple~CloudDocs/Downloads/folds_2026_08_23_16_51/ebvms_v2_hla_drb1_03_01_ebv_iedb_090bd09c6880_2,"(panel_version,allele,candidate_id,server_seed,sample_index)","Computational pMHC geometry only; not evidence of presentation, TCR binding, activation, cross-reactivity, molecular mimicry, or MS disease mechanism.",0,discovery,2,,2,complete,b53f0d5925296c8be66a1474581ab042e365b92ea56f1e9babc66a2342ab3aa1,/Users/anishsharma/Library/Mobile Documents/com~apple~CloudDocs/Downloads/folds_2026_08_23_16_51/ebvms_v2_hla_drb1_03_01_ebv_iedb_090bd09c6880_2,score_blind_minimum_bundle_fingerprint,,,5,5,ebvms_v2_hla_drb1_03_01_ebv_iedb_090bd09c6880,prepared_not_submitted,5,EBV_MS_TCELL_V2_80_2026-08-22,QQFLRLLGATYVLRV,True,0.92,46.9,0.95,0,assigned_by_server,,geometry_evaluable,5,3.031768,1.682501
HLA-DRB1*08:01,divergent_unplanned_repeat_sensitivity,,68d992a79c1fa62d07b07f5d668250c61aa2b7063f1b72df7d3f32b687f0299e,EBV_IEDB_81b4d6bacdc7,/Users/anishsharma/Library/Mobile Documents/com~apple~CloudDocs/Downloads/folds_2026_08_24_05_20/ebvms_v2_hla_drb1_08_01_ebv_iedb_81b4d6bacdc7,"(panel_version,allele,candidate_id,server_seed,sample_index)","Computational pMHC geometry only; not evidence of presentation, TCR binding, activation, cross-reactivity, molecular mimicry, or MS disease mechanism.",0,discovery,2,,2,complete,68d992a79c1fa62d07b07f5d668250c61aa2b7063f1b72df7d3f32b687f0299e,/Users/anishsharma/Library/Mobile Documents/com~apple~CloudDocs/Downloads/folds_2026_08_24_05_20/ebvms_v2_hla_drb1_08_01_ebv_iedb_81b4d6bacdc7,score_blind_minimum_bundle_fingerprint,,,5,5,ebvms_v2_hla_drb1_08_01_ebv_iedb_81b4d6bacdc7,prepared_not_submitted,5,EBV_MS_TCELL_V2_80_2026-08-22,DNEIFLTKKMTEVCQ,True,0.93,79.9,0.96,0,assigned_by_server,,geometry_evaluable,5,2.704496,1.07285
HLA-DRB1*15:01,divergent_unplanned_repeat_sensitivity,,b6d82012915a6160ce6d7ae1c0155bd82830d48ed34fcaecacaf993398c5e9da,EBV_IEDB_d63c3a4aff32,/Users/anishsharma/Library/Mobile Documents/com~apple~CloudDocs/Downloads/folds_2026_08_23_16_48 (1)/ebvms_v2_hla_drb1_15_01_ebv_iedb_d63c3a4aff32,"(panel_version,allele,candidate_id,server_seed,sample_index)","Computational pMHC geometry only; not evidence of presentation, TCR binding, activation, cross-reactivity, molecular mimicry, or MS disease mechanism.",0,discovery,2,,2,complete,b6d82012915a6160ce6d7ae1c0155bd82830d48ed34fcaecacaf993398c5e9da,/Users/anishsharma/Library/Mobile Documents/com~apple~CloudDocs/Downloads/folds_2026_08_23_16_48 (1)/ebvms_v2_hla_drb1_15_01_ebv_iedb_d63c3a4aff32,score_blind_minimum_bundle_fingerprint,,,5,5,ebvms_v2_hla_drb1_15_01_ebv_iedb_d63c3a4aff32,prepared_not_submitted,5,EBV_MS_TCELL_V2_80_2026-08-22,SDDELPYIDPNMEPV,True,0.91,41.75,0.94,0,assigned_by_server,,geometry_evaluable,5,4.513612,2.904124
HLA-DRB1*03:01,divergent_unplanned_repeat_sensitivity,,a618dd1df7c563684233c32a79f6e59d6459dd25ae84096f5a93ad1c6a1cf1c5,EBV_IEDB_ce143ad82ead,/Users/anishsharma/Library/Mobile Documents/com~apple~CloudDocs/Downloads/folds_2026_08_23_16_48 (1)/ebvms_v2_hla_drb1_03_01_ebv_iedb_ce143ad82ead_2,"(panel_version,allele,candidate_id,server_seed,sample_index)","Computational pMHC geometry only; not evidence of presentation, TCR binding, activation, cross-reactivity, molecular mimicry, or MS disease mechanism.",0,discovery,2,,2,complete,a618dd1df7c563684233c32a79f6e59d6459dd25ae84096f5a93ad1c6a1cf1c5,/Users/anishsharma/Library/Mobile Documents/com~apple~CloudDocs/Downloads/folds_2026_08_23_16_48 (1)/ebvms_v2_hla_drb1_03_01_ebv_iedb_ce143ad82ead_2,score_blind_minimum_bundle_fingerprint,,,5,5,ebvms_v2_hla_drb1_03_01_ebv_iedb_ce143ad82ead,prepared_not_submitted,5,EBV_MS_TCELL_V2_80_2026-08-22,AEGLRALLARSHVER,True,0.92,51.07,0.95,0,assigned_by_server,,geometry_evaluable,5,13.639602,2.680433
HLA-DRB1*08:01,divergent_unplanned_repeat_sensitivity,,cf866024081f1d943aec3b1b06283205ebf57327fe662980ede92c0dfeeb73e0,EBV_IEDB_7d8ef86501fb,/Users/anishsharma/Library/Mobile Documents/com~apple~CloudDocs/Downloads/folds_2026_08_23_16_48/ebvms_v2_hla_drb1_08_01_ebv_iedb_7d8ef86501fb,"(panel_version,allele,candidate_id,server_seed,sample_index)","Computational pMHC geometry only; not evidence of presentation, TCR binding, activation, cross-reactivity, molecular mimicry, or MS disease mechanism.",0,discovery,2,,2,complete,cf866024081f1d943aec3b1b06283205ebf57327fe662980ede92c0dfeeb73e0,/Users/anishsharma/Library/Mobile Documents/com~apple~CloudDocs/Downloads/folds_2026_08_23_16_48/ebvms_v2_hla_drb1_08_01_ebv_iedb_7d8ef86501fb,score_blind_minimum_bundle_fingerprint,,,5,5,ebvms_v2_hla_drb1_08_01_ebv_iedb_7d8ef86501fb,prepared_not_submitted,5,EBV_MS_TCELL_V2_80_2026-08-22,LWRLGATIWQLLAFF,True,0.91,43.56,0.93,0,assigned_by_server,,geometry_evaluable,5,24.268077,2.504285
HLA-DRB1*13:03,divergent_unplanned_repeat_sensitivity,,c0f1fe434fa9e0e0c72e91ae59c1270ad6411f5191c576eb4bc3c7c08a2d088a,SELF_CANON_ANO2_0104_0118,/Users/anishsharma/Library/Mobile Documents/com~apple~CloudDocs/Downloads/folds_2026_08_24_05_16/ebvms_v2_hla_drb1_13_03_self_canon_ano2_0104_0118,"(panel_version,allele,candidate_id,server_seed,sample_index)","Computational pMHC geometry only; not evidence of presentation, TCR binding, activation, cross-reactivity, molecular mimicry, or MS disease mechanism.",0,discovery,2,,2,complete,c0f1fe434fa9e0e0c72e91ae59c1270ad6411f5191c576eb4bc3c7c08a2d088a,/Users/anishsharma/Library/Mobile Documents/com~apple~CloudDocs/Downloads/folds_2026_08_24_05_16/ebvms_v2_hla_drb1_13_03_self_canon_ano2_0104_0118,score_blind_minimum_bundle_fingerprint,,,5,5,ebvms_v2_hla_drb1_13_03_self_canon_ano2_0104_0118,prepared_not_submitted,5,EBV_MS_TCELL_V2_80_2026-08-22,AYHYRKRGVHLAQGF,True,0.94,70.36,0.96,0,assigned_by_server,,geometry_evaluable,5,0.861242,0.583208
HLA-DRB1*15:01,divergent_unplanned_repeat_sensitivity,,386d07c30353836de797fc071694d9ad38d59585e9215609029e0e79dc0abf26,SELF_CANON_ANO2_0154_0168,/Users/anishsharma/Library/Mobile Documents/com~apple~CloudDocs/Downloads/folds_2026_08_24_05_16/ebvms_v2_hla_drb1_15_01_self_canon_ano2_0154_0168_2,"(panel_version,allele,candidate_id,server_seed,sample_index)","Computational pMHC geometry only; not evidence of presentation, TCR binding, activation, cross-reactivity, molecular mimicry, or MS disease mechanism.",0,discovery,5,,5,complete,386d07c30353836de797fc071694d9ad38d59585e9215609029e0e79dc0abf26,/Users/anishsharma/Library/Mobile Documents/com~apple~CloudDocs/Downloads/folds_2026_08_24_05_16/ebvms_v2_hla_drb1_15_01_self_canon_ano2_0154_0168_2,score_blind_minimum_bundle_fingerprint,,,5,5,ebvms_v2_hla_drb1_15_01_self_canon_ano2_0154_0168,prepared_not_submitted,5,EBV_MS_TCELL_V2_80_2026-08-22,ERKEQREEFEHNLME,True,0.92,39.0,0.95,0,assigned_by_server,,geometry_evaluable,5,27.367564,9.85978
HLA-DRB1*15:01,divergent_unplanned_repeat_sensitivity,,45e1769fec373e13de77b3b845b040917fb0d34529c9d3c9572b4925aaaeab4b,SELF_CANON_ANO2_0154_0168,/Users/anishsharma/Library/Mobile Documents/com~apple~CloudDocs/Downloads/folds_2026_08_24_05_16/ebvms_v2_hla_drb1_15_01_self_canon_ano2_0154_0168_3,"(panel_version,allele,candidate_id,server_seed,sample_index)","Computational pMHC geometry only; not evidence of presentation, TCR binding, activation, cross-reactivity, molecular mimicry, or MS disease mechanism.",0,discovery,5,,5,complete,45e1769fec373e13de77b3b845b040917fb0d34529c9d3c9572b4925aaaeab4b,/Users/anishsharma/Library/Mobile Documents/com~apple~CloudDocs/Downloads/folds_2026_08_24_05_16/ebvms_v2_hla_drb1_15_01_self_canon_ano2_0154_0168_3,score_blind_minimum_bundle_fingerprint,,,5,5,ebvms_v2_hla_drb1_15_01_self_canon_ano2_0154_0168,prepared_not_submitted,5,EBV_MS_TCELL_V2_80_2026-08-22,ERKEQREEFEHNLME,True,0.91,31.44,0.94,0,assigned_by_server,,geometry_evaluable,5,26.981309,2.451969
HLA-DRB1*15:01,divergent_unplanned_repeat_sensitivity,,9d43275f2d648ed5875008164331809d075220db1ca947dd5ef6410254bd56d4,SELF_CANON_ANO2_0154_0168,/Users/anishsharma/Library/Mobile Documents/com~apple~CloudDocs/Downloads/folds_2026_08_24_05_16/ebvms_v2_hla_drb1_15_01_self_canon_ano2_0154_0168,"(panel_version,allele,candidate_id,server_seed,sample_index)","Computational pMHC geometry only; not evidence of presentation, TCR binding, activation, cross-reactivity, molecular mimicry, or MS disease mechanism.",0,discovery,5,,5,complete,9d43275f2d648ed5875008164331809d075220db1ca947dd5ef6410254bd56d4,/Users/anishsharma/Library/Mobile Documents/com~apple~CloudDocs/Downloads/folds_2026_08_24_05_16/ebvms_v2_hla_drb1_15_01_self_canon_ano2_0154_0168,score_blind_minimum_bundle_fingerprint,,,5,5,ebvms_v2_hla_drb1_15_01_self_canon_ano2_0154_0168,prepared_not_submitted,5,EBV_MS_TCELL_V2_80_2026-08-22,ERKEQREEFEHNLME,True,0.92,37.72,0.94,0,assigned_by_server,,geometry_evaluable,5,2.576668,2.072029
HLA-DRB1*15:01,divergent_unplanned_repeat_sensitivity,,f7e636a4cd98fa03e978ed33f84c05dc75d90977f8539bf3f3f397682e865c9d,SELF_CANON_ANO2_0154_0168,/Users/anishsharma/Library/Mobile Documents/com~apple~CloudDocs/Downloads/folds_2026_08_24_05_16/ebvms_v2_hla_drb1_15_01_self_canon_ano2_0154_0168_4,"(panel_version,allele,candidate_id,server_seed,sample_index)","Computational pMHC geometry only; not evidence of presentation, TCR binding, activation, cross-reactivity, molecular mimicry, or MS disease mechanism.",0,discovery,5,,5,complete,f7e636a4cd98fa03e978ed33f84c05dc75d90977f8539bf3f3f397682e865c9d,/Users/anishsharma/Library/Mobile Documents/com~apple~CloudDocs/Downloads/folds_2026_08_24_05_16/ebvms_v2_hla_drb1_15_01_self_canon_ano2_0154_0168_4,score_blind_minimum_bundle_fingerprint,,,5,5,ebvms_v2_hla_drb1_15_01_self_canon_ano2_0154_0168,prepared_not_submitted,5,EBV_MS_TCELL_V2_80_2026-08-22,ERKEQREEFEHNLME,True,0.91,31.25,0.93,0,assigned_by_server,,geometry_evaluable,5,26.970855,25.724578
HLA-DRB1*13:03,divergent_unplanned_repeat_sensitivity,,9bbd67362b00e3eae7e38d213ce1a323e3face8b345d8d5471add0321976a94a,SELF_CANON_ANO2_0154_0168,/Users/anishsharma/Library/Mobile Documents/com~apple~CloudDocs/Downloads/folds_2026_08_24_05_20/ebvms_v2_hla_drb1_13_03_self_canon_ano2_0154_0168,"(panel_version,allele,candidate_id,server_seed,sample_index)","Computational pMHC geometry only; not evidence of presentation, TCR binding, activation, cross-reactivity, molecular mimicry, or MS disease mechanism.",0,discovery,4,,4,complete,9bbd67362b00e3eae7e38d213ce1a323e3face8b345d8d5471add0321976a94a,/Users/anishsharma/Library/Mobile Documents/com~apple~CloudDocs/Downloads/folds_2026_08_24_05_20/ebvms_v2_hla_drb1_13_03_self_canon_ano2_0154_0168,score_blind_minimum_bundle_fingerprint,,,5,5,ebvms_v2_hla_drb1_13_03_self_canon_ano2_0154_0168,prepared_not_submitted,5,EBV_MS_TCELL_V2_80_2026-08-22,ERKEQREEFEHNLME,True,0.91,42.08,0.94,0,assigned_by_server,,geometry_evaluable,5,25.538172,1.75647
HLA-DRB1*13:03,divergent_unplanned_repeat_sensitivity,,9c312074b645ce4692f99a6bbe9c072c0695e4cc212973c9d2f89e38b00692c0,SELF_CANON_ANO2_0154_0168,/Users/anishsharma/Library/Mobile Documents/com~apple~CloudDocs/Downloads/folds_2026_08_24_05_16/ebvms_v2_hla_drb1_13_03_self_canon_ano2_0154_0168_2,"(panel_version,allele,candidate_id,server_seed,sample_index)","Computational pMHC geometry only; not evidence of presentation, TCR binding, activation, cross-reactivity, molecular mimicry, or MS disease mechanism.",0,discovery,4,,4,complete,9c312074b645ce4692f99a6bbe9c072c0695e4cc212973c9d2f89e38b00692c0,/Users/anishsharma/Library/Mobile Documents/com~apple~CloudDocs/Downloads/folds_2026_08_24_05_16/ebvms_v2_hla_drb1_13_03_self_canon_ano2_0154_0168_2,score_blind_minimum_bundle_fingerprint,,,5,5,ebvms_v2_hla_drb1_13_03_self_canon_ano2_0154_0168,prepared_not_submitted,5,EBV_MS_TCELL_V2_80_2026-08-22,ERKEQREEFEHNLME,True,0.92,44.74,0.94,0,assigned_by_server,,geometry_evaluable,5,27.015605,2.918442
HLA-DRB1*13:03,divergent_unplanned_repeat_sensitivity,,e896a293588ac438598ee741cac0ade631a6c37f4c1a5eed0cea1dc88c531ef2,SELF_CANON_ANO2_0154_0168,/Users/anishsharma/Library/Mobile Documents/com~apple~CloudDocs/Downloads/folds_2026_08_24_05_16/ebvms_v2_hla_drb1_13_03_self_canon_ano2_0154_0168_3,"(panel_version,allele,candidate_id,server_seed,sample_index)","Computational pMHC geometry only; not evidence of presentation, TCR binding, activation, cross-reactivity, molecular mimicry, or MS disease mechanism.",0,discovery,4,,4,complete,e896a293588ac438598ee741cac0ade631a6c37f4c1a5eed0cea1dc88c531ef2,/Users/anishsharma/Library/Mobile Documents/com~apple~CloudDocs/Downloads/folds_2026_08_24_05_16/ebvms_v2_hla_drb1_13_03_self_canon_ano2_0154_0168_3,score_blind_minimum_bundle_fingerprint,,,5,5,ebvms_v2_hla_drb1_13_03_self_canon_ano2_0154_0168,prepared_not_submitted,5,EBV_MS_TCELL_V2_80_2026-08-22,ERKEQREEFEHNLME,True,0.92,43.87,0.94,0,assigned_by_server,,geometry_evaluable,5,3.032457,2.083593
HLA-DRB1*13:03,divergent_unplanned_repeat_sensitivity,,6adc6c1e8eeda3b895af594ee51464f4fa9fe524efbcc151696d969c4cffa7ed,SELF_CANON_CNP_0001_0015,/Users/anishsharma/Library/Mobile Documents/com~apple~CloudDocs/Downloads/folds_2026_08_23_16_49/ebvms_v2_hla_drb1_13_03_self_canon_cnp_0001_0015,"(panel_version,allele,candidate_id,server_seed,sample_index)","Computational pMHC geometry only; not evidence of presentation, TCR binding, activation, cross-reactivity, molecular mimicry, or MS disease mechanism.",0,discovery,2,,2,complete,6adc6c1e8eeda3b895af594ee51464f4fa9fe524efbcc151696d969c4cffa7ed,/Users/anishsharma/Library/Mobile Documents/com~apple~CloudDocs/Downloads/folds_2026_08_23_16_49/ebvms_v2_hla_drb1_13_03_self_canon_cnp_0001_0015,score_blind_minimum_bundle_fingerprint,,,5,5,ebvms_v2_hla_drb1_13_03_self_canon_cnp_0001_0015,prepared_not_submitted,5,EBV_MS_TCELL_V2_80_2026-08-22,MNRGFSRKSHTFLPK,True,0.93,71.87,0.95,0,assigned_by_server,,geometry_evaluable,5,1.326434,1.070744
HLA-DRB1*03:01,divergent_unplanned_repeat_sensitivity,,cd982b0018d816f5abc4cdef31b6f14e34e2f3dd555a09e9f4ac18fbbf280f7e,SELF_CANON_CNTN2_0001_0015,/Users/anishsharma/Library/Mobile Documents/com~apple~CloudDocs/Downloads/folds_2026_08_23_16_49/ebvms_v2_hla_drb1_03_01_self_canon_cntn2_0001_0015_2,"(panel_version,allele,candidate_id,server_seed,sample_index)","Computational pMHC geometry only; not evidence of presentation, TCR binding, activation, cross-reactivity, molecular mimicry, or MS disease mechanism.",0,discovery,2,,2,complete,cd982b0018d816f5abc4cdef31b6f14e34e2f3dd555a09e9f4ac18fbbf280f7e,/Users/anishsharma/Library/Mobile Documents/com~apple~CloudDocs/Downloads/folds_2026_08_23_16_49/ebvms_v2_hla_drb1_03_01_self_canon_cntn2_0001_0015_2,score_blind_minimum_bundle_fingerprint,,,5,5,ebvms_v2_hla_drb1_03_01_self_canon_cntn2_0001_0015,prepared_not_submitted,5,EBV_MS_TCELL_V2_80_2026-08-22,MGTATRRKPHLLLVA,True,0.92,47.37,0.95,0,assigned_by_server,,geometry_evaluable,5,7.118179,4.212369
HLA-DRB1*08:01,divergent_unplanned_repeat_sensitivity,,405e4a9647426a1fa836caf6b6e23faf8dc7447fc859a812fbcf6e8d5bf94119,SELF_CANON_CNTN2_0001_0015,/Users/anishsharma/Library/Mobile Documents/com~apple~CloudDocs/Downloads/folds_2026_08_24_05_20/ebvms_v2_hla_drb1_08_01_self_canon_cntn2_0001_0015,"(panel_version,allele,candidate_id,server_seed,sample_index)","Computational pMHC geometry only; not evidence of presentation, TCR binding, activation, cross-reactivity, molecular mimicry, or MS disease mechanism.",0,discovery,7,,7,complete,405e4a9647426a1fa836caf6b6e23faf8dc7447fc859a812fbcf6e8d5bf94119,/Users/anishsharma/Library/Mobile Documents/com~apple~CloudDocs/Downloads/folds_2026_08_24_05_20/ebvms_v2_hla_drb1_08_01_self_canon_cntn2_0001_0015,score_blind_minimum_bundle_fingerprint,,,5,5,ebvms_v2_hla_drb1_08_01_self_canon_cntn2_0001_0015,prepared_not_submitted,5,EBV_MS_TCELL_V2_80_2026-08-22,MGTATRRKPHLLLVA,True,0.93,62.59,0.95,0,assigned_by_server,,geometry_evaluable,5,2.058043,1.390905
HLA-DRB1*08:01,divergent_unplanned_repeat_sensitivity,,7b298b2dc395084ead400d2f901f867abdeed89f627e5a44bd0c58a092890877,SELF_CANON_CNTN2_0001_0015,/Users/anishsharma/Library/Mobile Documents/com~apple~CloudDocs/Downloads/folds_2026_08_24_05_16/ebvms_v2_hla_drb1_08_01_self_canon_cntn2_0001_0015,"(panel_version,allele,candidate_id,server_seed,sample_index)","Computational pMHC geometry only; not evidence of presentation, TCR binding, activation, cross-reactivity, molecular mimicry, or MS disease mechanism.",0,discovery,7,,7,complete,7b298b2dc395084ead400d2f901f867abdeed89f627e5a44bd0c58a092890877,/Users/anishsharma/Library/Mobile Documents/com~apple~CloudDocs/Downloads/folds_2026_08_24_05_16/ebvms_v2_hla_drb1_08_01_self_canon_cntn2_0001_0015,score_blind_minimum_bundle_fingerprint,,,5,5,ebvms_v2_hla_drb1_08_01_self_canon_cntn2_0001_0015,prepared_not_submitted,5,EBV_MS_TCELL_V2_80_2026-08-22,MGTATRRKPHLLLVA,True,0.93,61.25,0.95,0,assigned_by_server,,geometry_evaluable,5,26.944521,2.823921
HLA-DRB1*08:01,divergent_unplanned_repeat_sensitivity,,8e5c22bcfdc61b84f154974da4ef599278a0076d5eaf22e7b6f2cf69a03ef0e2,SELF_CANON_CNTN2_0001_0015,/Users/anishsharma/Library/Mobile Documents/com~apple~CloudDocs/Downloads/folds_2026_08_24_05_16/ebvms_v2_hla_drb1_08_01_self_canon_cntn2_0001_0015_6,"(panel_version,allele,candidate_id,server_seed,sample_index)","Computational pMHC geometry only; not evidence of presentation, TCR binding, activation, cross-reactivity, molecular mimicry, or MS disease mechanism.",0,discovery,7,,7,complete,8e5c22bcfdc61b84f154974da4ef599278a0076d5eaf22e7b6f2cf69a03ef0e2,/Users/anishsharma/Library/Mobile Documents/com~apple~CloudDocs/Downloads/folds_2026_08_24_05_16/ebvms_v2_hla_drb1_08_01_self_canon_cntn2_0001_0015_6,score_blind_minimum_bundle_fingerprint,,,5,5,ebvms_v2_hla_drb1_08_01_self_canon_cntn2_0001_0015,prepared_not_submitted,5,EBV_MS_TCELL_V2_80_2026-08-22,MGTATRRKPHLLLVA,True,0.93,64.36,0.95,0,assigned_by_server,,geometry_evaluable,5,7.041451,2.259122
HLA-DRB1*08:01,divergent_unplanned_repeat_sensitivity,,8e840e6a5083f0992ab187bd368245820a68461e01f7e7a78f61b04891c3dddc,SELF_CANON_CNTN2_0001_0015,/Users/anishsharma/Library/Mobile Documents/com~apple~CloudDocs/Downloads/folds_2026_08_24_05_16/ebvms_v2_hla_drb1_08_01_self_canon_cntn2_0001_0015_3,"(panel_version,allele,candidate_id,server_seed,sample_index)","Computational pMHC geometry only; not evidence of presentation, TCR binding, activation, cross-reactivity, molecular mimicry, or MS disease mechanism.",0,discovery,7,,7,complete,8e840e6a5083f0992ab187bd368245820a68461e01f7e7a78f61b04891c3dddc,/Users/anishsharma/Library/Mobile Documents/com~apple~CloudDocs/Downloads/folds_2026_08_24_05_16/ebvms_v2_hla_drb1_08_01_self_canon_cntn2_0001_0015_3,score_blind_minimum_bundle_fingerprint,,,5,5,ebvms_v2_hla_drb1_08_01_self_canon_cntn2_0001_0015,prepared_not_submitted,5,EBV_MS_TCELL_V2_80_2026-08-22,MGTATRRKPHLLLVA,True,0.93,63.86,0.95,0,assigned_by_server,,geometry_evaluable,5,1.497703,1.222731
HLA-DRB1*08:01,divergent_unplanned_repeat_sensitivity,,b981c4fb0901c08eb8a3750ab1ae1f4393a9f77dd9cfea6a8c694d78f31634af,SELF_CANON_CNTN2_0001_0015,/Users/anishsharma/Library/Mobile Documents/com~apple~CloudDocs/Downloads/folds_2026_08_24_05_16/ebvms_v2_hla_drb1_08_01_self_canon_cntn2_0001_0015_4,"(panel_version,allele,candidate_id,server_seed,sample_index)","Computational pMHC geometry only; not evidence of presentation, TCR binding, activation, cross-reactivity, molecular mimicry, or MS disease mechanism.",0,discovery,7,,7,complete,b981c4fb0901c08eb8a3750ab1ae1f4393a9f77dd9cfea6a8c694d78f31634af,/Users/anishsharma/Library/Mobile Documents/com~apple~CloudDocs/Downloads/folds_2026_08_24_05_16/ebvms_v2_hla_drb1_08_01_self_canon_cntn2_0001_0015_4,score_blind_minimum_bundle_fingerprint,,,5,5,ebvms_v2_hla_drb1_08_01_self_canon_cntn2_0001_0015,prepared_not_submitted,5,EBV_MS_TCELL_V2_80_2026-08-22,MGTATRRKPHLLLVA,True,0.93,61.93,0.95,0,assigned_by_server,,geometry_evaluable,5,3.993715,2.807871
HLA-DRB1*08:01,divergent_unplanned_repeat_sensitivity,,bb4703efc54d121433d319b9ecb3b72273a8d6a8e73462d7dd9b75d38527c9db,SELF_CANON_CNTN2_0001_0015,/Users/anishsharma/Library/Mobile Documents/com~apple~CloudDocs/Downloads/folds_2026_08_24_05_16/ebvms_v2_hla_drb1_08_01_self_canon_cntn2_0001_0015_2,"(panel_version,allele,candidate_id,server_seed,sample_index)","Computational pMHC geometry only; not evidence of presentation, TCR binding, activation, cross-reactivity, molecular mimicry, or MS disease mechanism.",0,discovery,7,,7,complete,bb4703efc54d121433d319b9ecb3b72273a8d6a8e73462d7dd9b75d38527c9db,/Users/anishsharma/Library/Mobile Documents/com~apple~CloudDocs/Downloads/folds_2026_08_24_05_16/ebvms_v2_hla_drb1_08_01_self_canon_cntn2_0001_0015_2,score_blind_minimum_bundle_fingerprint,,,5,5,ebvms_v2_hla_drb1_08_01_self_canon_cntn2_0001_0015,prepared_not_submitted,5,EBV_MS_TCELL_V2_80_2026-08-22,MGTATRRKPHLLLVA,True,0.93,62.89,0.95,0,assigned_by_server,,geometry_evaluable,5,3.42533,2.092649
HLA-DRB1*03:01,divergent_unplanned_repeat_sensitivity,,821453b2f361d3c60d83ecafb70d5539552148f544301c0dd60d771058a9bb5a,SELF_IEDB_14af77cd2881,/Users/anishsharma/Library/Mobile Documents/com~apple~CloudDocs/Downloads/folds_2026_08_24_05_16/ebvms_v2_hla_drb1_03_01_self_iedb_14af77cd2881,"(panel_version,allele,candidate_id,server_seed,sample_index)","Computational pMHC geometry only; not evidence of presentation, TCR binding, activation, cross-reactivity, molecular mimicry, or MS disease mechanism.",0,discovery,4,,4,complete,821453b2f361d3c60d83ecafb70d5539552148f544301c0dd60d771058a9bb5a,/Users/anishsharma/Library/Mobile Documents/com~apple~CloudDocs/Downloads/folds_2026_08_24_05_16/ebvms_v2_hla_drb1_03_01_self_iedb_14af77cd2881,score_blind_minimum_bundle_fingerprint,,,5,5,ebvms_v2_hla_drb1_03_01_self_iedb_14af77cd2881,prepared_not_submitted,5,EBV_MS_TCELL_V2_80_2026-08-22,ITREEKPAVTAAPKK,True,0.9,46.0,0.93,0,assigned_by_server,,geometry_evaluable,5,20.985446,12.792575
HLA-DRB1*03:01,divergent_unplanned_repeat_sensitivity,,db8550695a10848a315e868a2e8577617889caf3101aea95e14def203306228d,SELF_IEDB_14af77cd2881,/Users/anishsharma/Library/Mobile Documents/com~apple~CloudDocs/Downloads/folds_2026_08_24_05_16/ebvms_v2_hla_drb1_03_01_self_iedb_14af77cd2881_2,"(panel_version,allele,candidate_id,server_seed,sample_index)","Computational pMHC geometry only; not evidence of presentation, TCR binding, activation, cross-reactivity, molecular mimicry, or MS disease mechanism.",0,discovery,4,,4,complete,db8550695a10848a315e868a2e8577617889caf3101aea95e14def203306228d,/Users/anishsharma/Library/Mobile Documents/com~apple~CloudDocs/Downloads/folds_2026_08_24_05_16/ebvms_v2_hla_drb1_03_01_self_iedb_14af77cd2881_2,score_blind_minimum_bundle_fingerprint,,,5,5,ebvms_v2_hla_drb1_03_01_self_iedb_14af77cd2881,prepared_not_submitted,5,EBV_MS_TCELL_V2_80_2026-08-22,ITREEKPAVTAAPKK,True,0.91,50.14,0.94,0,assigned_by_server,,geometry_evaluable,5,21.240315,10.024085
HLA-DRB1*03:01,divergent_unplanned_repeat_sensitivity,,e35e6c4403531db652bd42eaa1b2d96a0122c7af4d1eaa1915b730d2e1020d43,SELF_IEDB_14af77cd2881,/Users/anishsharma/Library/Mobile Documents/com~apple~CloudDocs/Downloads/folds_2026_08_24_05_16/ebvms_v2_hla_drb1_03_01_self_iedb_14af77cd2881_3,"(panel_version,allele,candidate_id,server_seed,sample_index)","Computational pMHC geometry only; not evidence of presentation, TCR binding, activation, cross-reactivity, molecular mimicry, or MS disease mechanism.",0,discovery,4,,4,complete,e35e6c4403531db652bd42eaa1b2d96a0122c7af4d1eaa1915b730d2e1020d43,/Users/anishsharma/Library/Mobile Documents/com~apple~CloudDocs/Downloads/folds_2026_08_24_05_16/ebvms_v2_hla_drb1_03_01_self_iedb_14af77cd2881_3,score_blind_minimum_bundle_fingerprint,,,5,5,ebvms_v2_hla_drb1_03_01_self_iedb_14af77cd2881,prepared_not_submitted,5,EBV_MS_TCELL_V2_80_2026-08-22,ITREEKPAVTAAPKK,True,0.9,43.95,0.93,0,assigned_by_server,,geometry_evaluable,5,20.573948,13.370945
HLA-DRB1*08:01,divergent_unplanned_repeat_sensitivity,,62876fb22f9a95bed8bce5ca2537a1475982fce7756c8601db7e7446e98102eb,SELF_IEDB_14af77cd2881,/Users/anishsharma/Library/Mobile Documents/com~apple~CloudDocs/Downloads/folds_2026_08_24_05_20/ebvms_v2_hla_drb1_08_01_self_iedb_14af77cd2881,"(panel_version,allele,candidate_id,server_seed,sample_index)","Computational pMHC geometry only; not evidence of presentation, TCR binding, activation, cross-reactivity, molecular mimicry, or MS disease mechanism.",0,discovery,3,,3,complete,62876fb22f9a95bed8bce5ca2537a1475982fce7756c8601db7e7446e98102eb,/Users/anishsharma/Library/Mobile Documents/com~apple~CloudDocs/Downloads/folds_2026_08_24_05_20/ebvms_v2_hla_drb1_08_01_self_iedb_14af77cd2881,score_blind_minimum_bundle_fingerprint,,,5,5,ebvms_v2_hla_drb1_08_01_self_iedb_14af77cd2881,prepared_not_submitted,5,EBV_MS_TCELL_V2_80_2026-08-22,ITREEKPAVTAAPKK,True,0.91,49.56,0.94,0,assigned_by_server,,geometry_evaluable,5,7.000675,2.254351
HLA-DRB1*08:01,divergent_unplanned_repeat_sensitivity,,782bfffab1210939db73f2f67b1bae0dc88d3a4978d68c33619bbdd89aeb3ab1,SELF_IEDB_14af77cd2881,/Users/anishsharma/Library/Mobile Documents/com~apple~CloudDocs/Downloads/folds_2026_08_24_05_16/ebvms_v2_hla_drb1_08_01_self_iedb_14af77cd2881_2,"(panel_version,allele,candidate_id,server_seed,sample_index)","Computational pMHC geometry only; not evidence of presentation, TCR binding, activation, cross-reactivity, molecular mimicry, or MS disease mechanism.",0,discovery,3,,3,complete,782bfffab1210939db73f2f67b1bae0dc88d3a4978d68c33619bbdd89aeb3ab1,/Users/anishsharma/Library/Mobile Documents/com~apple~CloudDocs/Downloads/folds_2026_08_24_05_16/ebvms_v2_hla_drb1_08_01_self_iedb_14af77cd2881_2,score_blind_minimum_bundle_fingerprint,,,5,5,ebvms_v2_hla_drb1_08_01_self_iedb_14af77cd2881,prepared_not_submitted,5,EBV_MS_TCELL_V2_80_2026-08-22,ITREEKPAVTAAPKK,True,0.93,71.64,0.95,0,assigned_by_server,,geometry_evaluable,5,26.424978,11.365527
HLA-DRB1*03:01,divergent_unplanned_repeat_sensitivity,,507aa6acbf45179c64b745acddb66b76527972e9344ab4bcf97d05d8abd5b667,SELF_CANON_MAG_0001_0015,/Users/anishsharma/Library/Mobile Documents/com~apple~CloudDocs/Downloads/folds_2026_08_24_05_16/ebvms_v2_hla_drb1_03_01_self_canon_mag_0001_0015_5,"(panel_version,allele,candidate_id,server_seed,sample_index)","Computational pMHC geometry only; not evidence of presentation, TCR binding, activation, cross-reactivity, molecular mimicry, or MS disease mechanism.",0,discovery,6,,6,complete,507aa6acbf45179c64b745acddb66b76527972e9344ab4bcf97d05d8abd5b667,/Users/anishsharma/Library/Mobile Documents/com~apple~CloudDocs/Downloads/folds_2026_08_24_05_16/ebvms_v2_hla_drb1_03_01_self_canon_mag_0001_0015_5,score_blind_minimum_bundle_fingerprint,,,5,5,ebvms_v2_hla_drb1_03_01_self_canon_mag_0001_0015,prepared_not_submitted,5,EBV_MS_TCELL_V2_80_2026-08-22,MIFLTALPLFWIMIS,True,0.9,40.64,0.93,0,assigned_by_server,,geometry_evaluable,5,27.430077,5.551882
HLA-DRB1*03:01,divergent_unplanned_repeat_sensitivity,,7af18b231cde0c983051523d647ce431b946d48f8eb3a39360f1676cce436ba8,SELF_CANON_MAG_0001_0015,/Users/anishsharma/Library/Mobile Documents/com~apple~CloudDocs/Downloads/folds_2026_08_24_05_16/ebvms_v2_hla_drb1_03_01_self_canon_mag_0001_0015_3,"(panel_version,allele,candidate_id,server_seed,sample_index)","Computational pMHC geometry only; not evidence of presentation, TCR binding, activation, cross-reactivity, molecular mimicry, or MS disease mechanism.",0,discovery,6,,6,complete,7af18b231cde0c983051523d647ce431b946d48f8eb3a39360f1676cce436ba8,/Users/anishsharma/Library/Mobile Documents/com~apple~CloudDocs/Downloads/folds_2026_08_24_05_16/ebvms_v2_hla_drb1_03_01_self_canon_mag_0001_0015_3,score_blind_minimum_bundle_fingerprint,,,5,5,ebvms_v2_hla_drb1_03_01_self_canon_mag_0001_0015,prepared_not_submitted,5,EBV_MS_TCELL_V2_80_2026-08-22,MIFLTALPLFWIMIS,True,0.9,33.26,0.93,0,assigned_by_server,,geometry_evaluable,5,26.759768,2.987794
HLA-DRB1*03:01,divergent_unplanned_repeat_sensitivity,,979efd79df004c964a0638f628410fa18bb1b38a0a6d39bd2edfec89fc93612a,SELF_CANON_MAG_0001_0015,/Users/anishsharma/Library/Mobile Documents/com~apple~CloudDocs/Downloads/folds_2026_08_24_05_16/ebvms_v2_hla_drb1_03_01_self_canon_mag_0001_0015_4,"(panel_version,allele,candidate_id,server_seed,sample_index)","Computational pMHC geometry only; not evidence of presentation, TCR binding, activation, cross-reactivity, molecular mimicry, or MS disease mechanism.",0,discovery,6,,6,complete,979efd79df004c964a0638f628410fa18bb1b38a0a6d39bd2edfec89fc93612a,/Users/anishsharma/Library/Mobile Documents/com~apple~CloudDocs/Downloads/folds_2026_08_24_05_16/ebvms_v2_hla_drb1_03_01_self_canon_mag_0001_0015_4,score_blind_minimum_bundle_fingerprint,,,5,5,ebvms_v2_hla_drb1_03_01_self_canon_mag_0001_0015,prepared_not_submitted,5,EBV_MS_TCELL_V2_80_2026-08-22,MIFLTALPLFWIMIS,True,0.91,45.71,0.94,0,assigned_by_server,,geometry_evaluable,5,26.901067,11.625509
HLA-DRB1*03:01,divergent_unplanned_repeat_sensitivity,,cc8d6ac2f8f91387bdbe756f978a438e37ae5447e68b5c6ad862e08cbe2dc90e,SELF_CANON_MAG_0001_0015,/Users/anishsharma/Library/Mobile Documents/com~apple~CloudDocs/Downloads/folds_2026_08_24_05_16/ebvms_v2_hla_drb1_03_01_self_canon_mag_0001_0015,"(panel_version,allele,candidate_id,server_seed,sample_index)","Computational pMHC geometry only; not evidence of presentation, TCR binding, activation, cross-reactivity, molecular mimicry, or MS disease mechanism.",0,discovery,6,,6,complete,cc8d6ac2f8f91387bdbe756f978a438e37ae5447e68b5c6ad862e08cbe2dc90e,/Users/anishsharma/Library/Mobile Documents/com~apple~CloudDocs/Downloads/folds_2026_08_24_05_16/ebvms_v2_hla_drb1_03_01_self_canon_mag_0001_0015,score_blind_minimum_bundle_fingerprint,,,5,5,ebvms_v2_hla_drb1_03_01_self_canon_mag_0001_0015,prepared_not_submitted,5,EBV_MS_TCELL_V2_80_2026-08-22,MIFLTALPLFWIMIS,True,0.9,38.95,0.93,0,assigned_by_server,,geometry_evaluable,5,27.733298,6.777499
HLA-DRB1*03:01,divergent_unplanned_repeat_sensitivity,,db850e34966a4ea77d7fcea0fc619a41f4c619a4a0b2b6b3c6b692f0ae86bbc1,SELF_CANON_MAG_0001_0015,/Users/anishsharma/Library/Mobile Documents/com~apple~CloudDocs/Downloads/folds_2026_08_24_05_16/ebvms_v2_hla_drb1_03_01_self_canon_mag_0001_0015_6,"(panel_version,allele,candidate_id,server_seed,sample_index)","Computational pMHC geometry only; not evidence of presentation, TCR binding, activation, cross-reactivity, molecular mimicry, or MS disease mechanism.",0,discovery,6,,6,complete,db850e34966a4ea77d7fcea0fc619a41f4c619a4a0b2b6b3c6b692f0ae86bbc1,/Users/anishsharma/Library/Mobile Documents/com~apple~CloudDocs/Downloads/folds_2026_08_24_05_16/ebvms_v2_hla_drb1_03_01_self_canon_mag_0001_0015_6,score_blind_minimum_bundle_fingerprint,,,5,5,ebvms_v2_hla_drb1_03_01_self_canon_mag_0001_0015,prepared_not_submitted,5,EBV_MS_TCELL_V2_80_2026-08-22,MIFLTALPLFWIMIS,True,0.91,48.72,0.94,0,assigned_by_server,,geometry_evaluable,5,27.491191,26.711382
HLA-DRB1*08:01,divergent_unplanned_repeat_sensitivity,,f6fc58245bf82c90213835957da936c2ee008375cf0ff1f73bded578d72794a0,SELF_CANON_MAG_0001_0015,/Users/anishsharma/Library/Mobile Documents/com~apple~CloudDocs/Downloads/folds_2026_08_24_05_16/ebvms_v2_hla_drb1_08_01_self_canon_mag_0001_0015_2,"(panel_version,allele,candidate_id,server_seed,sample_index)","Computational pMHC geometry only; not evidence of presentation, TCR binding, activation, cross-reactivity, molecular mimicry, or MS disease mechanism.",0,discovery,2,,2,complete,f6fc58245bf82c90213835957da936c2ee008375cf0ff1f73bded578d72794a0,/Users/anishsharma/Library/Mobile Documents/com~apple~CloudDocs/Downloads/folds_2026_08_24_05_16/ebvms_v2_hla_drb1_08_01_self_canon_mag_0001_0015_2,score_blind_minimum_bundle_fingerprint,,,5,5,ebvms_v2_hla_drb1_08_01_self_canon_mag_0001_0015,prepared_not_submitted,5,EBV_MS_TCELL_V2_80_2026-08-22,MIFLTALPLFWIMIS,True,0.92,48.17,0.94,0,assigned_by_server,,geometry_evaluable,5,26.458384,6.444041
HLA-DRB1*03:01,divergent_unplanned_repeat_sensitivity,,cc97a45081c9e5668563583eec542a00db691c4a6dfb94ef730e1f29ca0b7c63,SELF_CANON_CRYAB_0001_0015,/Users/anishsharma/Library/Mobile Documents/com~apple~CloudDocs/Downloads/folds_2026_08_24_05_15/ebvms_v2_hla_drb1_03_01_self_canon_cryab_0001_0015,"(panel_version,allele,candidate_id,server_seed,sample_index)","Computational pMHC geometry only; not evidence of presentation, TCR binding, activation, cross-reactivity, molecular mimicry, or MS disease mechanism.",0,discovery,2,,2,complete,cc97a45081c9e5668563583eec542a00db691c4a6dfb94ef730e1f29ca0b7c63,/Users/anishsharma/Library/Mobile Documents/com~apple~CloudDocs/Downloads/folds_2026_08_24_05_15/ebvms_v2_hla_drb1_03_01_self_canon_cryab_0001_0015,score_blind_minimum_bundle_fingerprint,,,5,5,ebvms_v2_hla_drb1_03_01_self_canon_cryab_0001_0015,prepared_not_submitted,5,EBV_MS_TCELL_V2_80_2026-08-22,MDIAIHHPWIRRPFF,True,0.93,72.63,0.96,0,assigned_by_server,,geometry_evaluable,5,2.21161,0.876307
HLA-DRB1*15:01,divergent_unplanned_repeat_sensitivity,,ac4fec13e86ad8672520ab7b2382bdac1d6d8bf1d3ac219d57041fb5989c62b9,SELF_CANON_CRYAB_0054_0068,/Users/anishsharma/Library/Mobile Documents/com~apple~CloudDocs/Downloads/folds_2026_08_23_16_50/ebvms_v2_hla_drb1_15_01_self_canon_cryab_0054_0068_2,"(panel_version,allele,candidate_id,server_seed,sample_index)","Computational pMHC geometry only; not evidence of presentation, TCR binding, activation, cross-reactivity, molecular mimicry, or MS disease mechanism.",0,discovery,2,,2,complete,ac4fec13e86ad8672520ab7b2382bdac1d6d8bf1d3ac219d57041fb5989c62b9,/Users/anishsharma/Library/Mobile Documents/com~apple~CloudDocs/Downloads/folds_2026_08_23_16_50/ebvms_v2_hla_drb1_15_01_self_canon_cryab_0054_0068_2,score_blind_minimum_bundle_fingerprint,,,5,5,ebvms_v2_hla_drb1_15_01_self_canon_cryab_0054_0068,prepared_not_submitted,5,EBV_MS_TCELL_V2_80_2026-08-22,FLRAPSWFDTGLSEM,True,0.91,43.02,0.93,0,assigned_by_server,,geometry_evaluable,5,23.058064,22.709396
HLA-DRB5*01:01,divergent_unplanned_repeat_sensitivity,viral,b9a55117b9dddacd95e0e82cbc5e943cd843fd24f63d203064be33c4c0bca983,,/Users/anishsharma/Library/Mobile Documents/com~apple~CloudDocs/Downloads/folds_2026_08_25_22_25/ebvms_native_ebv_iedb_35bb9c18fac4_s104729_2,,"Computational pMHC geometry only; not evidence of presentation, TCR binding, activation, cross-reactivity, molecular mimicry, or MS disease mechanism.",0,calibration,2,True,2,complete,b9a55117b9dddacd95e0e82cbc5e943cd843fd24f63d203064be33c4c0bca983,/Users/anishsharma/Library/Mobile Documents/com~apple~CloudDocs/Downloads/folds_2026_08_25_22_25/ebvms_native_ebv_iedb_35bb9c18fac4_s104729_2,score_blind_minimum_bundle_fingerprint,EBV_IEDB_35bb9c18fac4,E1_positive_BALF5,5,,ebvms_native_ebv_iedb_35bb9c18fac4_s104729,,5,,TGGVYHFVKKHVHES,True,0.93,69.32,0.95,0,104729,prepared_not_submitted,geometry_evaluable,5,1.856118,1.046469
