bundle_fingerprint,canonical_directory,chain_roles,chain_sequences_pass,claim_boundary,complete_occurrence_count,core_sequence,core_start_1_based,distinct_complete_bundle_count,download_status,duplicate_handling,full_data_count,job_name,ligand_id,ligand_role,mhc_alpha_allele,mhc_beta_allele,model_cif_count,normalized_seed,observed_occurrence_count,panel_seed,peptide_sequence,raw_response_file,register_resolution,register_source,request_count,request_identity_pass,request_name_pass,seed_pass,seed_serialization,seq_num,status,summary_confidence_count,system_id
e5c5ec01e2660b7f8cdff2db0a10e4142e1bdd89fce7556564e36ceb17ed00c9,/Users/anishsharma/Library/Mobile Documents/com~apple~CloudDocs/Downloads/folds_2026_08_26_23_12/ebvms_hla2_control_hy1b11_mbp_s104729,mhc_alpha;mhc_beta;peptide,True,"Computational pMHC geometry prioritization only; not evidence of presentation, TCR binding, activation, cross-reactivity, molecular mimicry, or MS mechanism.",1,VHFFKNIVT,5,1,complete_exact,score_blind_minimum_bundle_fingerprint,5,ebvms_hla2_control_hy1b11_mbp_s104729,HY1B11_MBP,self_positive,HLA-DQA1*01:02,HLA-DQB1*05:02,5,104729,1,104729,ENPVVHFFKNIVTPR,,experimentally_resolved,experimental_structure_PDB_3PL6,1,True,True,True,string,,prepared_not_submitted,5,SYS_MICROBIAL_MBP_HY1B11
6ad2d61df8d40bbb80dde5ef8a5bb2d3981d35658a374da4dd35ab840b182089,/Users/anishsharma/Library/Mobile Documents/com~apple~CloudDocs/Downloads/folds_2026_08_26_23_12/ebvms_hla2_control_hy1b11_mbp_s104759,mhc_alpha;mhc_beta;peptide,True,"Computational pMHC geometry prioritization only; not evidence of presentation, TCR binding, activation, cross-reactivity, molecular mimicry, or MS mechanism.",1,VHFFKNIVT,5,1,complete_exact,score_blind_minimum_bundle_fingerprint,5,ebvms_hla2_control_hy1b11_mbp_s104759,HY1B11_MBP,self_positive,HLA-DQA1*01:02,HLA-DQB1*05:02,5,104759,1,104759,ENPVVHFFKNIVTPR,,experimentally_resolved,experimental_structure_PDB_3PL6,1,True,True,True,string,,prepared_not_submitted,5,SYS_MICROBIAL_MBP_HY1B11
89767317f02f37a887e3e9106aff4727f195f1142bcd6beac62c7600dacd8d2b,/Users/anishsharma/Library/Mobile Documents/com~apple~CloudDocs/Downloads/folds_2026_08_26_23_12/ebvms_hla2_control_hy1b11_pmm_s104729,mhc_alpha;mhc_beta;peptide,True,"Computational pMHC geometry prioritization only; not evidence of presentation, TCR binding, activation, cross-reactivity, molecular mimicry, or MS mechanism.",1,MLFAKDVVS,4,1,complete_exact,score_blind_minimum_bundle_fingerprint,5,ebvms_hla2_control_hy1b11_pmm_s104729,HY1B11_PMM,microbial_positive,HLA-DQA1*01:02,HLA-DQB1*05:02,5,104729,1,104729,RLLMLFAKDVVSRN,,experimentally_resolved,experimental_structure_PDB_4GRL,1,True,True,True,string,,prepared_not_submitted,5,SYS_MICROBIAL_MBP_HY1B11
c28784e90d7a373410f1abc17da67c7f49a82f9c0639c3d2f4603dabe45a7a47,/Users/anishsharma/Library/Mobile Documents/com~apple~CloudDocs/Downloads/folds_2026_08_26_23_12/ebvms_hla2_control_hy1b11_pmm_s104759,mhc_alpha;mhc_beta;peptide,True,"Computational pMHC geometry prioritization only; not evidence of presentation, TCR binding, activation, cross-reactivity, molecular mimicry, or MS mechanism.",1,MLFAKDVVS,4,1,complete_exact,score_blind_minimum_bundle_fingerprint,5,ebvms_hla2_control_hy1b11_pmm_s104759,HY1B11_PMM,microbial_positive,HLA-DQA1*01:02,HLA-DQB1*05:02,5,104759,1,104759,RLLMLFAKDVVSRN,,experimentally_resolved,experimental_structure_PDB_4GRL,1,True,True,True,string,,prepared_not_submitted,5,SYS_MICROBIAL_MBP_HY1B11
9dc20d3835f2ff8f17d4fd83bcc3e5ca87f2e89d83fd5c1e2768bdc72d261ad2,/Users/anishsharma/Library/Mobile Documents/com~apple~CloudDocs/Downloads/folds_2026_08_26_23_12/ebvms_hla2_control_hy1b11_ul15_s104729,mhc_alpha;mhc_beta;peptide,True,"Computational pMHC geometry prioritization only; not evidence of presentation, TCR binding, activation, cross-reactivity, molecular mimicry, or MS mechanism.",1,VHFVRDFAQ,3,1,complete_exact,score_blind_minimum_bundle_fingerprint,5,ebvms_hla2_control_hy1b11_ul15_s104729,HY1B11_UL15,microbial_positive,HLA-DQA1*01:02,HLA-DQB1*05:02,5,104729,1,104729,QLVHFVRDFAQL,,experimentally_resolved,experimental_structure_PDB_4MAY,1,True,True,True,string,,prepared_not_submitted,5,SYS_MICROBIAL_MBP_HY1B11
0e78758c6ae581d705a6b47943fe429d35a2b1d4397467e43bd86934ef18c11e,/Users/anishsharma/Library/Mobile Documents/com~apple~CloudDocs/Downloads/folds_2026_08_26_23_12/ebvms_hla2_control_hy1b11_ul15_s104759,mhc_alpha;mhc_beta;peptide,True,"Computational pMHC geometry prioritization only; not evidence of presentation, TCR binding, activation, cross-reactivity, molecular mimicry, or MS mechanism.",1,VHFVRDFAQ,3,1,complete_exact,score_blind_minimum_bundle_fingerprint,5,ebvms_hla2_control_hy1b11_ul15_s104759,HY1B11_UL15,microbial_positive,HLA-DQA1*01:02,HLA-DQB1*05:02,5,104759,1,104759,QLVHFVRDFAQL,,experimentally_resolved,experimental_structure_PDB_4MAY,1,True,True,True,string,,prepared_not_submitted,5,SYS_MICROBIAL_MBP_HY1B11
071955e950da5e25e0d954b1e87e586739672726b6fc5347de176e1741d0af04,/Users/anishsharma/Library/Mobile Documents/com~apple~CloudDocs/Downloads/folds_2026_08_26_23_12/ebvms_hla2_control_hy1_dq1_ebv_iedb_0e2190f44775_s104729,mhc_alpha;mhc_beta;peptide,True,"Computational pMHC geometry prioritization only; not evidence of presentation, TCR binding, activation, cross-reactivity, molecular mimicry, or MS mechanism.",1,RTQSVPARD,4,1,complete_exact,score_blind_minimum_bundle_fingerprint,5,ebvms_hla2_control_hy1_dq1_ebv_iedb_0e2190f44775_s104729,HY1_DQ1_EBV_IEDB_0e2190f44775,N3_comparator,HLA-DQA1*01:02,HLA-DQB1*05:02,5,104729,1,104729,LVPRTQSVPARDY,raw_responses/hy1b11_dq1_iedb.tsv,resolved_unique_fully_contained,IEDB_binding_prediction,1,True,True,True,string,2,prepared_not_submitted,5,SYS_MICROBIAL_MBP_HY1B11
567535836562536b6048b52b592f3e04821dfae3783078f207e27d16c11ba123,/Users/anishsharma/Library/Mobile Documents/com~apple~CloudDocs/Downloads/folds_2026_08_26_23_12/ebvms_hla2_control_hy1_dq1_ebv_iedb_0e2190f44775_s104759,mhc_alpha;mhc_beta;peptide,True,"Computational pMHC geometry prioritization only; not evidence of presentation, TCR binding, activation, cross-reactivity, molecular mimicry, or MS mechanism.",1,RTQSVPARD,4,1,complete_exact,score_blind_minimum_bundle_fingerprint,5,ebvms_hla2_control_hy1_dq1_ebv_iedb_0e2190f44775_s104759,HY1_DQ1_EBV_IEDB_0e2190f44775,N3_comparator,HLA-DQA1*01:02,HLA-DQB1*05:02,5,104759,1,104759,LVPRTQSVPARDY,raw_responses/hy1b11_dq1_iedb.tsv,resolved_unique_fully_contained,IEDB_binding_prediction,1,True,True,True,string,2,prepared_not_submitted,5,SYS_MICROBIAL_MBP_HY1B11
c697ddaca0ccaa6abc235bd001980d8f00bf500ec2cf308cc268a6fea204406b,/Users/anishsharma/Library/Mobile Documents/com~apple~CloudDocs/Downloads/folds_2026_08_26_23_12/ebvms_hla2_control_hy1_dq1_ebv_iedb_1bcd6d24071a_s104729,mhc_alpha;mhc_beta;peptide,True,"Computational pMHC geometry prioritization only; not evidence of presentation, TCR binding, activation, cross-reactivity, molecular mimicry, or MS mechanism.",1,LRIYYSPSI,5,1,complete_exact,score_blind_minimum_bundle_fingerprint,5,ebvms_hla2_control_hy1_dq1_ebv_iedb_1bcd6d24071a_s104729,HY1_DQ1_EBV_IEDB_1bcd6d24071a,N3_comparator,HLA-DQA1*01:02,HLA-DQB1*05:02,5,104729,1,104729,IMNILRIYYSPSIM,raw_responses/hy1b11_dq1_iedb.tsv,resolved_unique_fully_contained,IEDB_binding_prediction,1,True,True,True,string,6,prepared_not_submitted,5,SYS_MICROBIAL_MBP_HY1B11
fd0d1475baab65892a54c2ebdfc1e5b3d96925f9e60bfff39fde667b0b2e9e8a,/Users/anishsharma/Library/Mobile Documents/com~apple~CloudDocs/Downloads/folds_2026_08_26_23_12/ebvms_hla2_control_hy1_dq1_ebv_iedb_1bcd6d24071a_s104759,mhc_alpha;mhc_beta;peptide,True,"Computational pMHC geometry prioritization only; not evidence of presentation, TCR binding, activation, cross-reactivity, molecular mimicry, or MS mechanism.",1,LRIYYSPSI,5,1,complete_exact,score_blind_minimum_bundle_fingerprint,5,ebvms_hla2_control_hy1_dq1_ebv_iedb_1bcd6d24071a_s104759,HY1_DQ1_EBV_IEDB_1bcd6d24071a,N3_comparator,HLA-DQA1*01:02,HLA-DQB1*05:02,5,104759,1,104759,IMNILRIYYSPSIM,raw_responses/hy1b11_dq1_iedb.tsv,resolved_unique_fully_contained,IEDB_binding_prediction,1,True,True,True,string,6,prepared_not_submitted,5,SYS_MICROBIAL_MBP_HY1B11
52c22dfc03ea0979b0f44a11c4986b0971bff0cbf65b1a0accb9503b03bf9712,/Users/anishsharma/Library/Mobile Documents/com~apple~CloudDocs/Downloads/folds_2026_08_26_23_12/ebvms_hla2_control_hy1_dq1_ebv_iedb_4720dbd64f7b_s104729,mhc_alpha;mhc_beta;peptide,True,"Computational pMHC geometry prioritization only; not evidence of presentation, TCR binding, activation, cross-reactivity, molecular mimicry, or MS mechanism.",1,LFYYIGTML,4,1,complete_exact,score_blind_minimum_bundle_fingerprint,5,ebvms_hla2_control_hy1_dq1_ebv_iedb_4720dbd64f7b_s104729,HY1_DQ1_EBV_IEDB_4720dbd64f7b,N3_comparator,HLA-DQA1*01:02,HLA-DQB1*05:02,5,104729,1,104729,EKQLFYYIGTMLPN,raw_responses/hy1b11_dq1_iedb.tsv,resolved_unique_fully_contained,IEDB_binding_prediction,1,True,True,True,string,11,prepared_not_submitted,5,SYS_MICROBIAL_MBP_HY1B11
4d15bdb2d29eef1f0b84b5c696825a88ab63dc54e08463cd4b7d3622cd047f29,/Users/anishsharma/Library/Mobile Documents/com~apple~CloudDocs/Downloads/folds_2026_08_26_23_12/ebvms_hla2_control_hy1_dq1_ebv_iedb_4720dbd64f7b_s104759,mhc_alpha;mhc_beta;peptide,True,"Computational pMHC geometry prioritization only; not evidence of presentation, TCR binding, activation, cross-reactivity, molecular mimicry, or MS mechanism.",1,LFYYIGTML,4,1,complete_exact,score_blind_minimum_bundle_fingerprint,5,ebvms_hla2_control_hy1_dq1_ebv_iedb_4720dbd64f7b_s104759,HY1_DQ1_EBV_IEDB_4720dbd64f7b,N3_comparator,HLA-DQA1*01:02,HLA-DQB1*05:02,5,104759,1,104759,EKQLFYYIGTMLPN,raw_responses/hy1b11_dq1_iedb.tsv,resolved_unique_fully_contained,IEDB_binding_prediction,1,True,True,True,string,11,prepared_not_submitted,5,SYS_MICROBIAL_MBP_HY1B11
03db9178fbb400da829b861072d1764b43801e23696a28f3f162dfc516a41ef2,/Users/anishsharma/Library/Mobile Documents/com~apple~CloudDocs/Downloads/folds_2026_08_26_23_12/ebvms_hla2_control_hy1_dq1_ebv_iedb_4fb29363e8e5_s104729,mhc_alpha;mhc_beta;peptide,True,"Computational pMHC geometry prioritization only; not evidence of presentation, TCR binding, activation, cross-reactivity, molecular mimicry, or MS mechanism.",1,IDPADLDES,4,1,complete_exact,score_blind_minimum_bundle_fingerprint,5,ebvms_hla2_control_hy1_dq1_ebv_iedb_4fb29363e8e5_s104729,HY1_DQ1_EBV_IEDB_4fb29363e8e5,N3_comparator,HLA-DQA1*01:02,HLA-DQB1*05:02,5,104729,1,104729,PPSIDPADLDESWD,raw_responses/hy1b11_dq1_iedb.tsv,resolved_unique_fully_contained,IEDB_binding_prediction,1,True,True,True,string,32,prepared_not_submitted,5,SYS_MICROBIAL_MBP_HY1B11
0ec155e7115d80eb4997201cbbdabb2491997b7949a5db4ba4f24b19cb7b8ff0,/Users/anishsharma/Library/Mobile Documents/com~apple~CloudDocs/Downloads/folds_2026_08_26_23_12/ebvms_hla2_control_hy1_dq1_ebv_iedb_4fb29363e8e5_s104759,mhc_alpha;mhc_beta;peptide,True,"Computational pMHC geometry prioritization only; not evidence of presentation, TCR binding, activation, cross-reactivity, molecular mimicry, or MS mechanism.",1,IDPADLDES,4,1,complete_exact,score_blind_minimum_bundle_fingerprint,5,ebvms_hla2_control_hy1_dq1_ebv_iedb_4fb29363e8e5_s104759,HY1_DQ1_EBV_IEDB_4fb29363e8e5,N3_comparator,HLA-DQA1*01:02,HLA-DQB1*05:02,5,104759,1,104759,PPSIDPADLDESWD,raw_responses/hy1b11_dq1_iedb.tsv,resolved_unique_fully_contained,IEDB_binding_prediction,1,True,True,True,string,32,prepared_not_submitted,5,SYS_MICROBIAL_MBP_HY1B11
41aba7ffdaf2950ec85ec72e4af03bb660e65cc9b5b67c0e8f09f1542a455a51,/Users/anishsharma/Library/Mobile Documents/com~apple~CloudDocs/Downloads/folds_2026_08_26_23_12/ebvms_hla2_control_hy1_dq1_ebv_iedb_5e7561364e47_s104729,mhc_alpha;mhc_beta;peptide,True,"Computational pMHC geometry prioritization only; not evidence of presentation, TCR binding, activation, cross-reactivity, molecular mimicry, or MS mechanism.",1,YVVDLSVRG,3,1,complete_exact,score_blind_minimum_bundle_fingerprint,5,ebvms_hla2_control_hy1_dq1_ebv_iedb_5e7561364e47_s104729,HY1_DQ1_EBV_IEDB_5e7561364e47,N3_comparator,HLA-DQA1*01:02,HLA-DQB1*05:02,5,104729,1,104729,PYYVVDLSVRGM,raw_responses/hy1b11_dq1_iedb.tsv,resolved_unique_fully_contained,IEDB_binding_prediction,1,True,True,True,string,7,prepared_not_submitted,5,SYS_MICROBIAL_MBP_HY1B11
65eff4300d4caa0f41dd8c1cde67ea34cfec45fa2bb16ea921c9efc2999976f7,/Users/anishsharma/Library/Mobile Documents/com~apple~CloudDocs/Downloads/folds_2026_08_26_23_12/ebvms_hla2_control_hy1_dq1_ebv_iedb_5e7561364e47_s104759,mhc_alpha;mhc_beta;peptide,True,"Computational pMHC geometry prioritization only; not evidence of presentation, TCR binding, activation, cross-reactivity, molecular mimicry, or MS mechanism.",1,YVVDLSVRG,3,1,complete_exact,score_blind_minimum_bundle_fingerprint,5,ebvms_hla2_control_hy1_dq1_ebv_iedb_5e7561364e47_s104759,HY1_DQ1_EBV_IEDB_5e7561364e47,N3_comparator,HLA-DQA1*01:02,HLA-DQB1*05:02,5,104759,1,104759,PYYVVDLSVRGM,raw_responses/hy1b11_dq1_iedb.tsv,resolved_unique_fully_contained,IEDB_binding_prediction,1,True,True,True,string,7,prepared_not_submitted,5,SYS_MICROBIAL_MBP_HY1B11
f7096298b8da45558a6ddae37d66505780fe5b74f026e23a5f03ee4d92a9162a,/Users/anishsharma/Library/Mobile Documents/com~apple~CloudDocs/Downloads/folds_2026_08_26_23_12/ebvms_hla2_control_hy1_dq1_ebv_iedb_6fb6893091a7_s104729,mhc_alpha;mhc_beta;peptide,True,"Computational pMHC geometry prioritization only; not evidence of presentation, TCR binding, activation, cross-reactivity, molecular mimicry, or MS mechanism.",1,FYNIPPMPL,3,1,complete_exact,score_blind_minimum_bundle_fingerprint,5,ebvms_hla2_control_hy1_dq1_ebv_iedb_6fb6893091a7_s104729,HY1_DQ1_EBV_IEDB_6fb6893091a7,N3_comparator,HLA-DQA1*01:02,HLA-DQB1*05:02,5,104729,1,104729,TVFYNIPPMPL,raw_responses/hy1b11_dq1_iedb.tsv,resolved_unique_fully_contained,IEDB_binding_prediction,1,True,True,True,string,31,prepared_not_submitted,5,SYS_MICROBIAL_MBP_HY1B11
536d098058b5e2bda6758a40698b1d515b0962a17f4d667f54b4f8235b045d5f,/Users/anishsharma/Library/Mobile Documents/com~apple~CloudDocs/Downloads/folds_2026_08_26_23_12/ebvms_hla2_control_hy1_dq1_ebv_iedb_6fb6893091a7_s104759,mhc_alpha;mhc_beta;peptide,True,"Computational pMHC geometry prioritization only; not evidence of presentation, TCR binding, activation, cross-reactivity, molecular mimicry, or MS mechanism.",1,FYNIPPMPL,3,1,complete_exact,score_blind_minimum_bundle_fingerprint,5,ebvms_hla2_control_hy1_dq1_ebv_iedb_6fb6893091a7_s104759,HY1_DQ1_EBV_IEDB_6fb6893091a7,N3_comparator,HLA-DQA1*01:02,HLA-DQB1*05:02,5,104759,1,104759,TVFYNIPPMPL,raw_responses/hy1b11_dq1_iedb.tsv,resolved_unique_fully_contained,IEDB_binding_prediction,1,True,True,True,string,31,prepared_not_submitted,5,SYS_MICROBIAL_MBP_HY1B11
284ec22fa9974316ae5815b89d18a37f87e70b2010abace44886563fa0a0956f,/Users/anishsharma/Library/Mobile Documents/com~apple~CloudDocs/Downloads/folds_2026_08_26_23_12/ebvms_hla2_control_hy1_dq1_ebv_iedb_bce490b86fd9_s104729,mhc_alpha;mhc_beta;peptide,True,"Computational pMHC geometry prioritization only; not evidence of presentation, TCR binding, activation, cross-reactivity, molecular mimicry, or MS mechanism.",1,ILIYNGWYA,4,1,complete_exact,score_blind_minimum_bundle_fingerprint,5,ebvms_hla2_control_hy1_dq1_ebv_iedb_bce490b86fd9_s104729,HY1_DQ1_EBV_IEDB_bce490b86fd9,N3_comparator,HLA-DQA1*01:02,HLA-DQB1*05:02,5,104729,1,104729,VTNILIYNGWYADS,raw_responses/hy1b11_dq1_iedb.tsv,resolved_unique_fully_contained,IEDB_binding_prediction,1,True,True,True,string,3,prepared_not_submitted,5,SYS_MICROBIAL_MBP_HY1B11
421eb92aae1fbb24a10c4806fe7366f1f8695611a9524fdba6720da721f358c6,/Users/anishsharma/Library/Mobile Documents/com~apple~CloudDocs/Downloads/folds_2026_08_26_23_12/ebvms_hla2_control_hy1_dq1_ebv_iedb_bce490b86fd9_s104759,mhc_alpha;mhc_beta;peptide,True,"Computational pMHC geometry prioritization only; not evidence of presentation, TCR binding, activation, cross-reactivity, molecular mimicry, or MS mechanism.",1,ILIYNGWYA,4,1,complete_exact,score_blind_minimum_bundle_fingerprint,5,ebvms_hla2_control_hy1_dq1_ebv_iedb_bce490b86fd9_s104759,HY1_DQ1_EBV_IEDB_bce490b86fd9,N3_comparator,HLA-DQA1*01:02,HLA-DQB1*05:02,5,104759,1,104759,VTNILIYNGWYADS,raw_responses/hy1b11_dq1_iedb.tsv,resolved_unique_fully_contained,IEDB_binding_prediction,1,True,True,True,string,3,prepared_not_submitted,5,SYS_MICROBIAL_MBP_HY1B11
d302df67d08b994bcf6eeaad98c3120f286fd2bd6e11fc0aac7db155dc43e000,/Users/anishsharma/Library/Mobile Documents/com~apple~CloudDocs/Downloads/folds_2026_08_26_23_12/ebvms_hla2_control_hy1_dq1_ebv_iedb_bef86355da5a_s104729,mhc_alpha;mhc_beta;peptide,True,"Computational pMHC geometry prioritization only; not evidence of presentation, TCR binding, activation, cross-reactivity, molecular mimicry, or MS mechanism.",1,PVGEADYFE,2,1,complete_exact,score_blind_minimum_bundle_fingerprint,5,ebvms_hla2_control_hy1_dq1_ebv_iedb_bef86355da5a_s104729,HY1_DQ1_EBV_IEDB_bef86355da5a,N3_comparator,HLA-DQA1*01:02,HLA-DQB1*05:02,5,104729,1,104729,HPVGEADYFEY,raw_responses/hy1b11_dq1_iedb.tsv,resolved_unique_fully_contained,IEDB_binding_prediction,1,True,True,True,string,15,prepared_not_submitted,5,SYS_MICROBIAL_MBP_HY1B11
78c925e2f097b3352c2ea64aeb4399a73069a7ccc4d95685e46b1b7b5b4ba4a6,/Users/anishsharma/Library/Mobile Documents/com~apple~CloudDocs/Downloads/folds_2026_08_26_23_12/ebvms_hla2_control_hy1_dq1_ebv_iedb_bef86355da5a_s104759,mhc_alpha;mhc_beta;peptide,True,"Computational pMHC geometry prioritization only; not evidence of presentation, TCR binding, activation, cross-reactivity, molecular mimicry, or MS mechanism.",1,PVGEADYFE,2,1,complete_exact,score_blind_minimum_bundle_fingerprint,5,ebvms_hla2_control_hy1_dq1_ebv_iedb_bef86355da5a_s104759,HY1_DQ1_EBV_IEDB_bef86355da5a,N3_comparator,HLA-DQA1*01:02,HLA-DQB1*05:02,5,104759,1,104759,HPVGEADYFEY,raw_responses/hy1b11_dq1_iedb.tsv,resolved_unique_fully_contained,IEDB_binding_prediction,1,True,True,True,string,15,prepared_not_submitted,5,SYS_MICROBIAL_MBP_HY1B11
e657c67e09f94b466441cc18934ab1298754773df2cc30be2c3a15ed6ef469a1,/Users/anishsharma/Library/Mobile Documents/com~apple~CloudDocs/Downloads/folds_2026_08_26_23_12/ebvms_hla2_control_hy1_dq1_ebv_iedb_d63c3a4aff32_s104729,mhc_alpha;mhc_beta;peptide,True,"Computational pMHC geometry prioritization only; not evidence of presentation, TCR binding, activation, cross-reactivity, molecular mimicry, or MS mechanism.",1,ELPYIDPNM,4,1,complete_exact,score_blind_minimum_bundle_fingerprint,5,ebvms_hla2_control_hy1_dq1_ebv_iedb_d63c3a4aff32_s104729,HY1_DQ1_EBV_IEDB_d63c3a4aff32,N3_comparator,HLA-DQA1*01:02,HLA-DQB1*05:02,5,104729,1,104729,SDDELPYIDPNMEPV,raw_responses/hy1b11_dq1_iedb.tsv,resolved_unique_fully_contained,IEDB_binding_prediction,1,True,True,True,string,26,prepared_not_submitted,5,SYS_MICROBIAL_MBP_HY1B11
5dfdaa9da902986da8be6b6d9308e881b1452949c2e14feaf12f98bd981b9f9d,/Users/anishsharma/Library/Mobile Documents/com~apple~CloudDocs/Downloads/folds_2026_08_26_23_12/ebvms_hla2_control_hy1_dq1_ebv_iedb_d63c3a4aff32_s104759,mhc_alpha;mhc_beta;peptide,True,"Computational pMHC geometry prioritization only; not evidence of presentation, TCR binding, activation, cross-reactivity, molecular mimicry, or MS mechanism.",1,ELPYIDPNM,4,1,complete_exact,score_blind_minimum_bundle_fingerprint,5,ebvms_hla2_control_hy1_dq1_ebv_iedb_d63c3a4aff32_s104759,HY1_DQ1_EBV_IEDB_d63c3a4aff32,N3_comparator,HLA-DQA1*01:02,HLA-DQB1*05:02,5,104759,1,104759,SDDELPYIDPNMEPV,raw_responses/hy1b11_dq1_iedb.tsv,resolved_unique_fully_contained,IEDB_binding_prediction,1,True,True,True,string,26,prepared_not_submitted,5,SYS_MICROBIAL_MBP_HY1B11
7beb51f62461e536139c9e5f69822b0651e6857be1d777c1e0ad8c142a4b1a1d,/Users/anishsharma/Library/Mobile Documents/com~apple~CloudDocs/Downloads/folds_2026_08_26_23_12/ebvms_hla2_control_hy1_dq1_ebv_iedb_ffe96a37c427_s104729,mhc_alpha;mhc_beta;peptide,True,"Computational pMHC geometry prioritization only; not evidence of presentation, TCR binding, activation, cross-reactivity, molecular mimicry, or MS mechanism.",1,MSDWTGGAL,2,1,complete_exact,score_blind_minimum_bundle_fingerprint,5,ebvms_hla2_control_hy1_dq1_ebv_iedb_ffe96a37c427_s104729,HY1_DQ1_EBV_IEDB_ffe96a37c427,N3_comparator,HLA-DQA1*01:02,HLA-DQB1*05:02,5,104729,1,104729,VMSDWTGGALL,raw_responses/hy1b11_dq1_iedb.tsv,resolved_unique_fully_contained,IEDB_binding_prediction,1,True,True,True,string,19,prepared_not_submitted,5,SYS_MICROBIAL_MBP_HY1B11
477783af60112a2d5860385fc03780657e3ecbe91e73649b444f767c827c9b70,/Users/anishsharma/Library/Mobile Documents/com~apple~CloudDocs/Downloads/folds_2026_08_26_23_12/ebvms_hla2_control_hy1_dq1_ebv_iedb_ffe96a37c427_s104759,mhc_alpha;mhc_beta;peptide,True,"Computational pMHC geometry prioritization only; not evidence of presentation, TCR binding, activation, cross-reactivity, molecular mimicry, or MS mechanism.",1,MSDWTGGAL,2,1,complete_exact,score_blind_minimum_bundle_fingerprint,5,ebvms_hla2_control_hy1_dq1_ebv_iedb_ffe96a37c427_s104759,HY1_DQ1_EBV_IEDB_ffe96a37c427,N3_comparator,HLA-DQA1*01:02,HLA-DQB1*05:02,5,104759,1,104759,VMSDWTGGALL,raw_responses/hy1b11_dq1_iedb.tsv,resolved_unique_fully_contained,IEDB_binding_prediction,1,True,True,True,string,19,prepared_not_submitted,5,SYS_MICROBIAL_MBP_HY1B11
d3a8a5b291dc40acc9598542d4e2c4f830a3db59ccd594f525047d1a3f52b729,/Users/anishsharma/Library/Mobile Documents/com~apple~CloudDocs/Downloads/folds_2026_08_26_23_12/ebvms_hla2_control_hy1_dq1_human_background_1618754_s104729,mhc_alpha;mhc_beta;peptide,True,"Computational pMHC geometry prioritization only; not evidence of presentation, TCR binding, activation, cross-reactivity, molecular mimicry, or MS mechanism.",1,LVLLRGENL,5,1,complete_exact,score_blind_minimum_bundle_fingerprint,5,ebvms_hla2_control_hy1_dq1_human_background_1618754_s104729,HY1_DQ1_HUMAN_BACKGROUND_1618754,N3_comparator,HLA-DQA1*01:02,HLA-DQB1*05:02,5,104729,1,104729,RVLGLVLLRGENLVS,raw_responses/hy1b11_dq1_iedb.tsv,resolved_unique_fully_contained,IEDB_binding_prediction,1,True,True,True,string,45,prepared_not_submitted,5,SYS_MICROBIAL_MBP_HY1B11
bfccdeb064605da9547ec9c7d2345ede4419f56f46cca7f9c7c5478bb64795c0,/Users/anishsharma/Library/Mobile Documents/com~apple~CloudDocs/Downloads/folds_2026_08_26_23_12/ebvms_hla2_control_hy1_dq1_human_background_1618754_s104759,mhc_alpha;mhc_beta;peptide,True,"Computational pMHC geometry prioritization only; not evidence of presentation, TCR binding, activation, cross-reactivity, molecular mimicry, or MS mechanism.",1,LVLLRGENL,5,1,complete_exact,score_blind_minimum_bundle_fingerprint,5,ebvms_hla2_control_hy1_dq1_human_background_1618754_s104759,HY1_DQ1_HUMAN_BACKGROUND_1618754,N3_comparator,HLA-DQA1*01:02,HLA-DQB1*05:02,5,104759,1,104759,RVLGLVLLRGENLVS,raw_responses/hy1b11_dq1_iedb.tsv,resolved_unique_fully_contained,IEDB_binding_prediction,1,True,True,True,string,45,prepared_not_submitted,5,SYS_MICROBIAL_MBP_HY1B11
c3e262f67143e0b3b8d4f047a73789f85a438b52be10c4a5a22a933ab1374fe2,/Users/anishsharma/Library/Mobile Documents/com~apple~CloudDocs/Downloads/folds_2026_08_26_23_12/ebvms_hla2_control_hy1_dq1_human_background_175453_s104729,mhc_alpha;mhc_beta;peptide,True,"Computational pMHC geometry prioritization only; not evidence of presentation, TCR binding, activation, cross-reactivity, molecular mimicry, or MS mechanism.",1,MVTFRNQAS,4,1,complete_exact,score_blind_minimum_bundle_fingerprint,5,ebvms_hla2_control_hy1_dq1_human_background_175453_s104729,HY1_DQ1_HUMAN_BACKGROUND_175453,N3_comparator,HLA-DQA1*01:02,HLA-DQB1*05:02,5,104729,1,104729,DNIMVTFRNQASRPY,raw_responses/hy1b11_dq1_iedb.tsv,resolved_unique_fully_contained,IEDB_binding_prediction,1,True,True,True,string,42,prepared_not_submitted,5,SYS_MICROBIAL_MBP_HY1B11
ea0ed4ca3820dd01b2696866053e38e10b4c28eba44b150bbd29beb1f6e371db,/Users/anishsharma/Library/Mobile Documents/com~apple~CloudDocs/Downloads/folds_2026_08_26_23_12/ebvms_hla2_control_hy1_dq1_human_background_175453_s104759,mhc_alpha;mhc_beta;peptide,True,"Computational pMHC geometry prioritization only; not evidence of presentation, TCR binding, activation, cross-reactivity, molecular mimicry, or MS mechanism.",1,MVTFRNQAS,4,1,complete_exact,score_blind_minimum_bundle_fingerprint,5,ebvms_hla2_control_hy1_dq1_human_background_175453_s104759,HY1_DQ1_HUMAN_BACKGROUND_175453,N3_comparator,HLA-DQA1*01:02,HLA-DQB1*05:02,5,104759,1,104759,DNIMVTFRNQASRPY,raw_responses/hy1b11_dq1_iedb.tsv,resolved_unique_fully_contained,IEDB_binding_prediction,1,True,True,True,string,42,prepared_not_submitted,5,SYS_MICROBIAL_MBP_HY1B11
9e998d771962c8154a0a778000a61762fc2abdee753302931be4cf5885e38cef,/Users/anishsharma/Library/Mobile Documents/com~apple~CloudDocs/Downloads/folds_2026_08_26_23_09/ebvms_hla2_control_hy1_dq1_human_background_186917_s104729,mhc_alpha;mhc_beta;peptide,True,"Computational pMHC geometry prioritization only; not evidence of presentation, TCR binding, activation, cross-reactivity, molecular mimicry, or MS mechanism.",1,LTRYYSSFV,4,1,complete_exact,score_blind_minimum_bundle_fingerprint,5,ebvms_hla2_control_hy1_dq1_human_background_186917_s104729,HY1_DQ1_HUMAN_BACKGROUND_186917,N3_comparator,HLA-DQA1*01:02,HLA-DQB1*05:02,5,104729,1,104729,PRCLTRYYSSFVNME,raw_responses/hy1b11_dq1_iedb.tsv,resolved_unique_fully_contained,IEDB_binding_prediction,1,True,True,True,string,43,prepared_not_submitted,5,SYS_MICROBIAL_MBP_HY1B11
35547655bfb8025d924032691c64867d0dd3adce6d466f452ab49acc5bdcca5d,/Users/anishsharma/Library/Mobile Documents/com~apple~CloudDocs/Downloads/folds_2026_08_26_23_09/ebvms_hla2_control_hy1_dq1_human_background_186917_s104759,mhc_alpha;mhc_beta;peptide,True,"Computational pMHC geometry prioritization only; not evidence of presentation, TCR binding, activation, cross-reactivity, molecular mimicry, or MS mechanism.",1,LTRYYSSFV,4,1,complete_exact,score_blind_minimum_bundle_fingerprint,5,ebvms_hla2_control_hy1_dq1_human_background_186917_s104759,HY1_DQ1_HUMAN_BACKGROUND_186917,N3_comparator,HLA-DQA1*01:02,HLA-DQB1*05:02,5,104759,1,104759,PRCLTRYYSSFVNME,raw_responses/hy1b11_dq1_iedb.tsv,resolved_unique_fully_contained,IEDB_binding_prediction,1,True,True,True,string,43,prepared_not_submitted,5,SYS_MICROBIAL_MBP_HY1B11
29af839389a47fe6439b3f5a8f328cd159fdcb934ca88e90104d2b309357015c,/Users/anishsharma/Library/Mobile Documents/com~apple~CloudDocs/Downloads/folds_2026_08_26_23_09/ebvms_hla2_control_hy1_dq1_human_background_2258538_s104729,mhc_alpha;mhc_beta;peptide,True,"Computational pMHC geometry prioritization only; not evidence of presentation, TCR binding, activation, cross-reactivity, molecular mimicry, or MS mechanism.",1,LEFYLAMPF,4,1,complete_exact,score_blind_minimum_bundle_fingerprint,5,ebvms_hla2_control_hy1_dq1_human_background_2258538_s104729,HY1_DQ1_HUMAN_BACKGROUND_2258538,N3_comparator,HLA-DQA1*01:02,HLA-DQB1*05:02,5,104729,1,104729,SRLLEFYLAMPFATP,raw_responses/hy1b11_dq1_iedb.tsv,resolved_unique_fully_contained,IEDB_binding_prediction,1,True,True,True,string,44,prepared_not_submitted,5,SYS_MICROBIAL_MBP_HY1B11
16ee1ea55aeef97463ef4af4ccf33a14ee8b26615f5e53e226e902d5dc77f656,/Users/anishsharma/Library/Mobile Documents/com~apple~CloudDocs/Downloads/folds_2026_08_26_23_09/ebvms_hla2_control_hy1_dq1_human_background_2258538_s104759,mhc_alpha;mhc_beta;peptide,True,"Computational pMHC geometry prioritization only; not evidence of presentation, TCR binding, activation, cross-reactivity, molecular mimicry, or MS mechanism.",1,LEFYLAMPF,4,1,complete_exact,score_blind_minimum_bundle_fingerprint,5,ebvms_hla2_control_hy1_dq1_human_background_2258538_s104759,HY1_DQ1_HUMAN_BACKGROUND_2258538,N3_comparator,HLA-DQA1*01:02,HLA-DQB1*05:02,5,104759,1,104759,SRLLEFYLAMPFATP,raw_responses/hy1b11_dq1_iedb.tsv,resolved_unique_fully_contained,IEDB_binding_prediction,1,True,True,True,string,44,prepared_not_submitted,5,SYS_MICROBIAL_MBP_HY1B11
97571f8f650f0952aee35b16b353d10aa43e34e7bc2b0624779cb77b5f055625,/Users/anishsharma/Library/Mobile Documents/com~apple~CloudDocs/Downloads/folds_2026_08_26_23_09/ebvms_hla2_control_hy1_dq1_human_background_2273188_s104729,mhc_alpha;mhc_beta;peptide,True,"Computational pMHC geometry prioritization only; not evidence of presentation, TCR binding, activation, cross-reactivity, molecular mimicry, or MS mechanism.",1,IRVLRAFTS,5,1,complete_exact,score_blind_minimum_bundle_fingerprint,5,ebvms_hla2_control_hy1_dq1_human_background_2273188_s104729,HY1_DQ1_HUMAN_BACKGROUND_2273188,N3_comparator,HLA-DQA1*01:02,HLA-DQB1*05:02,5,104729,1,104729,HPNIIRVLRAFTSSV,raw_responses/hy1b11_dq1_iedb.tsv,resolved_unique_fully_contained,IEDB_binding_prediction,1,True,True,True,string,41,prepared_not_submitted,5,SYS_MICROBIAL_MBP_HY1B11
077ece68fc6df88d50dd4e284143089fa8a4e3551fc435d59925f57c72d1d390,/Users/anishsharma/Library/Mobile Documents/com~apple~CloudDocs/Downloads/folds_2026_08_26_23_09/ebvms_hla2_control_hy1_dq1_human_background_2273188_s104759,mhc_alpha;mhc_beta;peptide,True,"Computational pMHC geometry prioritization only; not evidence of presentation, TCR binding, activation, cross-reactivity, molecular mimicry, or MS mechanism.",1,IRVLRAFTS,5,1,complete_exact,score_blind_minimum_bundle_fingerprint,5,ebvms_hla2_control_hy1_dq1_human_background_2273188_s104759,HY1_DQ1_HUMAN_BACKGROUND_2273188,N3_comparator,HLA-DQA1*01:02,HLA-DQB1*05:02,5,104759,1,104759,HPNIIRVLRAFTSSV,raw_responses/hy1b11_dq1_iedb.tsv,resolved_unique_fully_contained,IEDB_binding_prediction,1,True,True,True,string,41,prepared_not_submitted,5,SYS_MICROBIAL_MBP_HY1B11
7367efdba0b2819854937db89d56f04020b16824962107f73c1bc5e4f53f93fd,/Users/anishsharma/Library/Mobile Documents/com~apple~CloudDocs/Downloads/folds_2026_08_26_23_09/ebvms_hla2_control_ob1a12_enga_s104729,mhc_alpha;mhc_beta;peptide,True,"Computational pMHC geometry prioritization only; not evidence of presentation, TCR binding, activation, cross-reactivity, molecular mimicry, or MS mechanism.",1,VHFISALHG,5,1,complete_exact,score_blind_minimum_bundle_fingerprint,5,ebvms_hla2_control_ob1a12_enga_s104729,OB1A12_ENGA,microbial_positive,HLA-DRA*01:01,HLA-DRB1*15:01,5,104729,1,104729,DFARVHFISALHGSG,,experimentally_resolved,experimental_structure_PDB_2WBJ,1,True,True,True,string,,prepared_not_submitted,5,SYS_ENGA_MBP_OB1A12
db27323a245bc602298c85f1dc7f10a5b8d052b8a766734a95147a0340b6f719,/Users/anishsharma/Library/Mobile Documents/com~apple~CloudDocs/Downloads/folds_2026_08_26_23_09/ebvms_hla2_control_ob1a12_enga_s104759,mhc_alpha;mhc_beta;peptide,True,"Computational pMHC geometry prioritization only; not evidence of presentation, TCR binding, activation, cross-reactivity, molecular mimicry, or MS mechanism.",1,VHFISALHG,5,1,complete_exact,score_blind_minimum_bundle_fingerprint,5,ebvms_hla2_control_ob1a12_enga_s104759,OB1A12_ENGA,microbial_positive,HLA-DRA*01:01,HLA-DRB1*15:01,5,104759,1,104759,DFARVHFISALHGSG,,experimentally_resolved,experimental_structure_PDB_2WBJ,1,True,True,True,string,,prepared_not_submitted,5,SYS_ENGA_MBP_OB1A12
d9de3093f97e7237f296f9ed95770bd94b155ac5a70538e7d1a54b6f77bcf982,/Users/anishsharma/Library/Mobile Documents/com~apple~CloudDocs/Downloads/folds_2026_08_26_23_09/ebvms_hla2_control_ob1_dr15_ebv_iedb_090bd09c6880_s104729,mhc_alpha;mhc_beta;peptide,True,"Computational pMHC geometry prioritization only; not evidence of presentation, TCR binding, activation, cross-reactivity, molecular mimicry, or MS mechanism.",1,LRLLGATYV,4,1,complete_exact,score_blind_minimum_bundle_fingerprint,5,ebvms_hla2_control_ob1_dr15_ebv_iedb_090bd09c6880_s104729,OB1_DR15_EBV_IEDB_090bd09c6880,N3_comparator,HLA-DRA*01:01,HLA-DRB1*15:01,5,104729,1,104729,QQFLRLLGATYVLRV,sources/inherited_v2_raw_responses/iedb_panel80_hla_drb1_15_01.tsv,resolved_unique_fully_contained,IEDB_binding_prediction,1,True,True,True,string,22,prepared_not_submitted,5,SYS_ENGA_MBP_OB1A12
f4cf2aa8968e57fbad2c13cabea3cc84535aa61b2820db4392b37dede1780c34,/Users/anishsharma/Library/Mobile Documents/com~apple~CloudDocs/Downloads/folds_2026_08_26_23_09/ebvms_hla2_control_ob1_dr15_ebv_iedb_090bd09c6880_s104759,mhc_alpha;mhc_beta;peptide,True,"Computational pMHC geometry prioritization only; not evidence of presentation, TCR binding, activation, cross-reactivity, molecular mimicry, or MS mechanism.",1,LRLLGATYV,4,1,complete_exact,score_blind_minimum_bundle_fingerprint,5,ebvms_hla2_control_ob1_dr15_ebv_iedb_090bd09c6880_s104759,OB1_DR15_EBV_IEDB_090bd09c6880,N3_comparator,HLA-DRA*01:01,HLA-DRB1*15:01,5,104759,1,104759,QQFLRLLGATYVLRV,sources/inherited_v2_raw_responses/iedb_panel80_hla_drb1_15_01.tsv,resolved_unique_fully_contained,IEDB_binding_prediction,1,True,True,True,string,22,prepared_not_submitted,5,SYS_ENGA_MBP_OB1A12
0cb3d1491a1c5c8e2f6316f571bb84483b7a5a58065c236ef675e7e05dd91fcf,/Users/anishsharma/Library/Mobile Documents/com~apple~CloudDocs/Downloads/folds_2026_08_26_23_09/ebvms_hla2_control_ob1_dr15_ebv_iedb_156b80230e03_s104729,mhc_alpha;mhc_beta;peptide,True,"Computational pMHC geometry prioritization only; not evidence of presentation, TCR binding, activation, cross-reactivity, molecular mimicry, or MS mechanism.",1,VTLTSYWRR,5,1,complete_exact,score_blind_minimum_bundle_fingerprint,5,ebvms_hla2_control_ob1_dr15_ebv_iedb_156b80230e03_s104729,OB1_DR15_EBV_IEDB_156b80230e03,N3_comparator,HLA-DRA*01:01,HLA-DRB1*15:01,5,104729,1,104729,LGERVTLTSYWRRVS,sources/inherited_v2_raw_responses/iedb_panel80_hla_drb1_15_01.tsv,resolved_unique_fully_contained,IEDB_binding_prediction,1,True,True,True,string,38,prepared_not_submitted,5,SYS_ENGA_MBP_OB1A12
03973b1a54f9d8b093795628978037008ae21a4dac3ded68387370ba39f3568f,/Users/anishsharma/Library/Mobile Documents/com~apple~CloudDocs/Downloads/folds_2026_08_26_23_09/ebvms_hla2_control_ob1_dr15_ebv_iedb_156b80230e03_s104759,mhc_alpha;mhc_beta;peptide,True,"Computational pMHC geometry prioritization only; not evidence of presentation, TCR binding, activation, cross-reactivity, molecular mimicry, or MS mechanism.",1,VTLTSYWRR,5,1,complete_exact,score_blind_minimum_bundle_fingerprint,5,ebvms_hla2_control_ob1_dr15_ebv_iedb_156b80230e03_s104759,OB1_DR15_EBV_IEDB_156b80230e03,N3_comparator,HLA-DRA*01:01,HLA-DRB1*15:01,5,104759,1,104759,LGERVTLTSYWRRVS,sources/inherited_v2_raw_responses/iedb_panel80_hla_drb1_15_01.tsv,resolved_unique_fully_contained,IEDB_binding_prediction,1,True,True,True,string,38,prepared_not_submitted,5,SYS_ENGA_MBP_OB1A12
30173d1d799f8755a0343ed8b88e9294114890a63b71bc9234cfa636cc4e377a,/Users/anishsharma/Library/Mobile Documents/com~apple~CloudDocs/Downloads/folds_2026_08_26_23_09/ebvms_hla2_control_ob1_dr15_ebv_iedb_339d4044147d_s104729,mhc_alpha;mhc_beta;peptide,True,"Computational pMHC geometry prioritization only; not evidence of presentation, TCR binding, activation, cross-reactivity, molecular mimicry, or MS mechanism.",1,LLHTRAASL,5,1,complete_exact,score_blind_minimum_bundle_fingerprint,5,ebvms_hla2_control_ob1_dr15_ebv_iedb_339d4044147d_s104729,OB1_DR15_EBV_IEDB_339d4044147d,N3_comparator,HLA-DRA*01:01,HLA-DRB1*15:01,5,104729,1,104729,SRDELLHTRAASLLY,sources/inherited_v2_raw_responses/iedb_panel80_hla_drb1_15_01.tsv,resolved_unique_fully_contained,IEDB_binding_prediction,1,True,True,True,string,13,prepared_not_submitted,5,SYS_ENGA_MBP_OB1A12
bd49997fbfbe3c1208876c6c3203cb659fcfb03a359faea0cc11376336bc42af,/Users/anishsharma/Library/Mobile Documents/com~apple~CloudDocs/Downloads/folds_2026_08_26_23_09/ebvms_hla2_control_ob1_dr15_ebv_iedb_339d4044147d_s104759,mhc_alpha;mhc_beta;peptide,True,"Computational pMHC geometry prioritization only; not evidence of presentation, TCR binding, activation, cross-reactivity, molecular mimicry, or MS mechanism.",1,LLHTRAASL,5,1,complete_exact,score_blind_minimum_bundle_fingerprint,5,ebvms_hla2_control_ob1_dr15_ebv_iedb_339d4044147d_s104759,OB1_DR15_EBV_IEDB_339d4044147d,N3_comparator,HLA-DRA*01:01,HLA-DRB1*15:01,5,104759,1,104759,SRDELLHTRAASLLY,sources/inherited_v2_raw_responses/iedb_panel80_hla_drb1_15_01.tsv,resolved_unique_fully_contained,IEDB_binding_prediction,1,True,True,True,string,13,prepared_not_submitted,5,SYS_ENGA_MBP_OB1A12
30c82a53c10736969bc150789149977fec1e9175f56d402a7a29484f99a72719,/Users/anishsharma/Library/Mobile Documents/com~apple~CloudDocs/Downloads/folds_2026_08_26_23_09/ebvms_hla2_control_ob1_dr15_ebv_iedb_770af30bc486_s104729,mhc_alpha;mhc_beta;peptide,True,"Computational pMHC geometry prioritization only; not evidence of presentation, TCR binding, activation, cross-reactivity, molecular mimicry, or MS mechanism.",1,FIKFKSPLV,7,1,complete_exact,score_blind_minimum_bundle_fingerprint,5,ebvms_hla2_control_ob1_dr15_ebv_iedb_770af30bc486_s104729,OB1_DR15_EBV_IEDB_770af30bc486,N3_comparator,HLA-DRA*01:01,HLA-DRB1*15:01,5,104729,1,104729,MLGQDDFIKFKSPLV,sources/inherited_v2_raw_responses/iedb_panel80_hla_drb1_15_01.tsv,resolved_unique_fully_contained,IEDB_binding_prediction,1,True,True,True,string,5,prepared_not_submitted,5,SYS_ENGA_MBP_OB1A12
1066969018c6e65fb5a045f9b8572ee9920589c3f3fe9756c9d7b6b3b5fff84a,/Users/anishsharma/Library/Mobile Documents/com~apple~CloudDocs/Downloads/folds_2026_08_26_23_09/ebvms_hla2_control_ob1_dr15_ebv_iedb_770af30bc486_s104759,mhc_alpha;mhc_beta;peptide,True,"Computational pMHC geometry prioritization only; not evidence of presentation, TCR binding, activation, cross-reactivity, molecular mimicry, or MS mechanism.",1,FIKFKSPLV,7,1,complete_exact,score_blind_minimum_bundle_fingerprint,5,ebvms_hla2_control_ob1_dr15_ebv_iedb_770af30bc486_s104759,OB1_DR15_EBV_IEDB_770af30bc486,N3_comparator,HLA-DRA*01:01,HLA-DRB1*15:01,5,104759,1,104759,MLGQDDFIKFKSPLV,sources/inherited_v2_raw_responses/iedb_panel80_hla_drb1_15_01.tsv,resolved_unique_fully_contained,IEDB_binding_prediction,1,True,True,True,string,5,prepared_not_submitted,5,SYS_ENGA_MBP_OB1A12
4563a89e09fd835a7e3ffead9f87b07b3831d22db4e7c77344a2e0e20a014fd8,/Users/anishsharma/Library/Mobile Documents/com~apple~CloudDocs/Downloads/folds_2026_08_26_23_09/ebvms_hla2_control_ob1_dr15_ebv_iedb_c617263cff31_s104729,mhc_alpha;mhc_beta;peptide,True,"Computational pMHC geometry prioritization only; not evidence of presentation, TCR binding, activation, cross-reactivity, molecular mimicry, or MS mechanism.",1,FVMAARQRL,4,1,complete_exact,score_blind_minimum_bundle_fingerprint,5,ebvms_hla2_control_ob1_dr15_ebv_iedb_c617263cff31_s104729,OB1_DR15_EBV_IEDB_c617263cff31,N3_comparator,HLA-DRA*01:01,HLA-DRB1*15:01,5,104729,1,104729,ILCFVMAARQRLQDI,sources/inherited_v2_raw_responses/iedb_panel80_hla_drb1_15_01.tsv,resolved_unique_fully_contained,IEDB_binding_prediction,1,True,True,True,string,18,prepared_not_submitted,5,SYS_ENGA_MBP_OB1A12
7c8f430d58a67765db4124e0f491dcbff56286e032b08e1cd06a57c861e12978,/Users/anishsharma/Library/Mobile Documents/com~apple~CloudDocs/Downloads/folds_2026_08_26_23_09/ebvms_hla2_control_ob1_dr15_ebv_iedb_c617263cff31_s104759,mhc_alpha;mhc_beta;peptide,True,"Computational pMHC geometry prioritization only; not evidence of presentation, TCR binding, activation, cross-reactivity, molecular mimicry, or MS mechanism.",1,FVMAARQRL,4,1,complete_exact,score_blind_minimum_bundle_fingerprint,5,ebvms_hla2_control_ob1_dr15_ebv_iedb_c617263cff31_s104759,OB1_DR15_EBV_IEDB_c617263cff31,N3_comparator,HLA-DRA*01:01,HLA-DRB1*15:01,5,104759,1,104759,ILCFVMAARQRLQDI,sources/inherited_v2_raw_responses/iedb_panel80_hla_drb1_15_01.tsv,resolved_unique_fully_contained,IEDB_binding_prediction,1,True,True,True,string,18,prepared_not_submitted,5,SYS_ENGA_MBP_OB1A12
