discovery_priority_rank,pair_id,original_colabfold_shortlist_rank,ebv_candidate_id,human_candidate_id,ebv_peptide,human_peptide,ebv_p1_p9_core,human_p1_p9_core,ebv_register_status,human_register_status,register_eligible_primary_allele,monday_af3_both_models_available,focused_rerun_both_models_available,combined_af3_both_models_available,ebv_unique_af3_job_count,human_unique_af3_job_count,ebv_af3_sample_count,human_af3_sample_count,af3_cross_sample_geometry_count,colabfold_local_property_similarity,colabfold_local_peptide_ca_rmsd_A,colabfold_review_priority_heuristic,same_register_property_similarity,candidate_exposed_identity_fraction,candidate_exposed_property_similarity,core_p1_p9_ca_rmsd_A_median,core_p1_p9_ca_rmsd_A_min,core_p1_p9_ca_rmsd_A_max,candidate_exposed_ca_rmsd_A_median,candidate_exposed_ca_rmsd_A_min,candidate_exposed_ca_rmsd_A_max,candidate_exposed_rmsd_lt_1A_fraction,candidate_exposed_rmsd_lt_2A_fraction,candidate_exposed_rmsd_ge_5A_fraction,structural_consistency_tier,target_human_binding_rank_bin,planned_matched_background_count,planned_matched_background_ids,completed_matched_background_count,completed_matched_background_ids,audit_status,claim_boundary
1,EBV_TCELL_950::HUMAN_MYELIN_112214,24,EBV_TCELL_950,HUMAN_MYELIN_112214,AEGLRALLARSHVER,LSRFSWGAEGQRPGFGYGG,LRALLARSH,WGAEGQRPG,iedb_top_core_hypothesis,iedb_top_core_hypothesis,True,True,True,True,2,2,10,10,100,0.9594,18.895,0.010479,0.770988,0.4,0.874445,0.878,0.316,16.065,0.758,0.341,14.238,0.84,0.9,0.1,tier_A_robust,weak,3,HUMAN_BACKGROUND_115891;HUMAN_BACKGROUND_118550;HUMAN_BACKGROUND_119732,0,,eligible_and_structurally_evaluated,Computational pMHC prioritization only; not evidence of shared-TCR recognition or molecular mimicry.
2,EBV_TCELL_2268741::HUMAN_MYELIN_117032,28,EBV_TCELL_2268741,HUMAN_MYELIN_117032,IMNILRIYYSPSIM,KVCGSNLLSICKTAEFQMTFHLFIAAFVGAAA,LRIYYSPSI,FHLFIAAFV,iedb_top_core_hypothesis,iedb_top_core_hypothesis,True,True,True,True,1,2,5,10,50,0.9256,21.961,0.005423,0.762963,0.0,0.692778,1.546,0.494,17.931,1.208,0.388,17.931,0.5,0.6,0.4,tier_B_mixed,weak,0,,0,,eligible_and_structurally_evaluated,Computational pMHC prioritization only; not evidence of shared-TCR recognition or molecular mimicry.
3,EBV_TCELL_119155::HUMAN_MYELIN_116995,17,EBV_TCELL_119155,HUMAN_MYELIN_116995,FIEFVGWLCKKDHTHIREWF,HHPARTAHYGSLPQKSHGR,FVGWLCKKD,TAHYGSLPQ,iedb_top_core_hypothesis,iedb_top_core_hypothesis,True,True,False,True,1,2,5,10,50,0.8653,10.482,0.054044,0.751235,0.0,0.717222,8.931,0.568,15.001,8.809,0.438,13.1,0.12,0.26,0.6,tier_C_unstable_partial_pose,weak,3,HUMAN_BACKGROUND_115891;HUMAN_BACKGROUND_118550;HUMAN_BACKGROUND_119732,0,,eligible_and_structurally_evaluated,Computational pMHC prioritization only; not evidence of shared-TCR recognition or molecular mimicry.
4,EBV_TCELL_119155::HUMAN_MYELIN_117032,25,EBV_TCELL_119155,HUMAN_MYELIN_117032,FIEFVGWLCKKDHTHIREWF,KVCGSNLLSICKTAEFQMTFHLFIAAFVGAAA,FVGWLCKKD,FHLFIAAFV,iedb_top_core_hypothesis,iedb_top_core_hypothesis,True,True,False,True,1,2,5,10,50,0.9338,19.619,0.00874,0.76142,0.0,0.662778,10.302,0.592,27.703,10.296,0.48,27.819,0.1,0.12,0.76,tier_C_unstable_partial_pose,weak,0,,0,,eligible_and_structurally_evaluated,Computational pMHC prioritization only; not evidence of shared-TCR recognition or molecular mimicry.
5,EBV_TCELL_119155::HUMAN_MYELIN_67907,20,EBV_TCELL_119155,HUMAN_MYELIN_67907,FIEFVGWLCKKDHTHIREWF,VDAQGTLSKIFKLGGRDSRS,FVGWLCKKD,IFKLGGRDS,iedb_top_core_hypothesis,iedb_top_core_hypothesis,True,True,False,True,1,1,5,5,25,0.8806,10.883,0.050761,0.709568,0.0,0.743889,10.211,0.678,19.533,10.18,0.609,19.505,0.08,0.08,0.84,tier_C_unstable_partial_pose,weak,1,HUMAN_BACKGROUND_119732,0,,eligible_and_structurally_evaluated,Computational pMHC prioritization only; not evidence of shared-TCR recognition or molecular mimicry.
6,EBV_TCELL_149795::HUMAN_MYELIN_117032,23,EBV_TCELL_149795,HUMAN_MYELIN_117032,LDLDFGQLTPHTKAVYQPRG,KVCGSNLLSICKTAEFQMTFHLFIAAFVGAAA,LTPHTKAVY,FHLFIAAFV,iedb_top_core_hypothesis,iedb_top_core_hypothesis,True,True,True,True,2,2,10,10,100,0.865,16.339,0.011683,0.662963,0.2,0.744444,14.616,0.565,28.233,13.033,0.53,27.372,0.05,0.06,0.81,tier_C_unstable_partial_pose,weak,0,,0,,eligible_and_structurally_evaluated,Computational pMHC prioritization only; not evidence of shared-TCR recognition or molecular mimicry.
7,EBV_TCELL_1862913::HUMAN_MYELIN_112319,12,EBV_TCELL_1862913,HUMAN_MYELIN_112319,NILRIYYSPSIMHRYAVVQP,SKIFKLGGRDSRSGSPMARR,LRIYYSPSI,IFKLGGRDS,iedb_top_core_hypothesis,iedb_top_core_hypothesis,True,True,True,True,2,2,10,10,100,0.8976,8.668,0.086113,0.659877,0.0,0.551667,6.681,1.881,18.399,6.65,1.303,17.048,0.0,0.05,0.92,tier_C_unstable_partial_pose,weak,1,HUMAN_BACKGROUND_119732,0,,eligible_and_structurally_evaluated,Computational pMHC prioritization only; not evidence of shared-TCR recognition or molecular mimicry.
8,EBV_TCELL_950::HUMAN_MYELIN_114366,32,EBV_TCELL_950,HUMAN_MYELIN_114366,AEGLRALLARSHVER,GKGRGLSLSRFSWGAEGQRP,LRALLARSH,LSRFSWGAE,iedb_top_core_hypothesis,iedb_top_core_hypothesis,True,True,True,True,2,1,10,5,50,0.9594,26.062,0.001517,0.699692,0.0,0.706667,5.543,5.097,18.063,5.63,5.06,16.332,0.0,0.0,1.0,tier_D_no_consistent_pose,weak,1,HUMAN_BACKGROUND_119732,0,,eligible_and_structurally_evaluated,Computational pMHC prioritization only; not evidence of shared-TCR recognition or molecular mimicry.
9,EBV_TCELL_119155::HUMAN_MYELIN_112037,21,EBV_TCELL_119155,HUMAN_MYELIN_112037,FIEFVGWLCKKDHTHIREWF,AQGTLSKIFKLGGRDSRSGSPMARR,FVGWLCKKD,IFKLGGRDS,iedb_top_core_hypothesis,iedb_top_core_hypothesis,True,True,False,True,1,2,5,10,50,0.8806,13.819,0.020244,0.709568,0.0,0.743889,6.188,3.16,19.005,6.177,3.224,17.652,0.0,0.0,0.82,tier_D_no_consistent_pose,weak,0,,0,,eligible_and_structurally_evaluated,Computational pMHC prioritization only; not evidence of shared-TCR recognition or molecular mimicry.
10,EBV_TCELL_2268933::HUMAN_MYELIN_5516,9,EBV_TCELL_2268933,HUMAN_MYELIN_5516,VTNILIYNGWYADS,AVPVYIYFNTWTTCQSIAFP,ILIYNGWYA,VYIYFNTWT,iedb_top_core_hypothesis,iedb_top_core_hypothesis,True,True,False,True,2,1,10,5,50,0.9983,9.568,0.097643,0.791975,0.2,0.683333,6.406,6.293,12.581,6.351,6.231,12.511,0.0,0.0,1.0,tier_D_no_consistent_pose,weak,1,HUMAN_BACKGROUND_119732,0,,eligible_and_structurally_evaluated,Computational pMHC prioritization only; not evidence of shared-TCR recognition or molecular mimicry.
11,EBV_TCELL_1862913::HUMAN_MYELIN_112037,27,EBV_TCELL_1862913,HUMAN_MYELIN_112037,NILRIYYSPSIMHRYAVVQP,AQGTLSKIFKLGGRDSRSGSPMARR,LRIYYSPSI,IFKLGGRDS,iedb_top_core_hypothesis,iedb_top_core_hypothesis,True,True,True,True,2,2,10,10,100,0.8976,20.217,0.005739,0.659877,0.0,0.551667,6.578,2.67,24.444,6.493,2.033,23.455,0.0,0.0,0.99,tier_D_no_consistent_pose,weak,0,,0,,eligible_and_structurally_evaluated,Computational pMHC prioritization only; not evidence of shared-TCR recognition or molecular mimicry.
12,EBV_TCELL_2268934::HUMAN_MYELIN_112226,29,EBV_TCELL_2268934,HUMAN_MYELIN_112226,VTTFVHYANFHNYFVPN,MEVGWYRPPFSRVVHLYRNGK,FVHYANFHN,FSRVVHLYR,iedb_top_core_hypothesis,iedb_top_core_hypothesis,True,True,False,True,1,1,5,5,25,0.915,24.291,0.003808,0.748766,0.0,0.710556,12.606,3.695,17.151,12.381,2.957,15.665,0.0,0.0,0.8,tier_D_no_consistent_pose,weak,0,,0,,eligible_and_structurally_evaluated,Computational pMHC prioritization only; not evidence of shared-TCR recognition or molecular mimicry.
13,EBV_TCELL_149795::HUMAN_MYELIN_116079,31,EBV_TCELL_149795,HUMAN_MYELIN_116079,LDLDFGQLTPHTKAVYQPRG,ATASTMDHARHGFLPRHRDTGIL,LTPHTKAVY,MDHARHGFL,iedb_top_core_hypothesis,iedb_top_core_hypothesis,True,True,True,True,2,1,10,5,50,0.8361,25.259,0.001819,0.70216,0.0,0.709445,15.118,2.458,27.933,13.341,2.258,27.911,0.0,0.0,0.86,tier_D_no_consistent_pose,weak,0,,0,,eligible_and_structurally_evaluated,Computational pMHC prioritization only; not evidence of shared-TCR recognition or molecular mimicry.
14,EBV_TCELL_1862913::HUMAN_MYELIN_117032,22,EBV_TCELL_1862913,HUMAN_MYELIN_117032,NILRIYYSPSIMHRYAVVQP,KVCGSNLLSICKTAEFQMTFHLFIAAFVGAAA,LRIYYSPSI,FHLFIAAFV,iedb_top_core_hypothesis,iedb_top_core_hypothesis,True,True,True,True,2,2,10,10,100,0.9256,17.046,0.014493,0.762963,0.0,0.692778,15.564,3.692,35.554,13.964,3.728,35.78,0.0,0.0,0.99,tier_D_no_consistent_pose,weak,0,,0,,eligible_and_structurally_evaluated,Computational pMHC prioritization only; not evidence of shared-TCR recognition or molecular mimicry.
15,EBV_TCELL_119155::HUMAN_MYELIN_116976,16,EBV_TCELL_119155,HUMAN_MYELIN_116976,FIEFVGWLCKKDHTHIREWF,FKGVDAQGTLSKIFKLGGR,FVGWLCKKD,LSKIFKLGG,iedb_top_core_hypothesis,iedb_top_core_hypothesis,True,True,False,True,1,2,5,10,50,0.8806,10.343,0.05655,0.623148,0.0,0.66,15.429,5.048,25.214,15.464,5.256,25.141,0.0,0.0,1.0,tier_D_no_consistent_pose,weak,3,HUMAN_BACKGROUND_115891;HUMAN_BACKGROUND_118550;HUMAN_BACKGROUND_119732,0,,eligible_and_structurally_evaluated,Computational pMHC prioritization only; not evidence of shared-TCR recognition or molecular mimicry.
16,EBV_TCELL_149795::HUMAN_MYELIN_40762,26,EBV_TCELL_149795,HUMAN_MYELIN_40762,LDLDFGQLTPHTKAVYQPRG,LYGALLLAEGFYTTGAVRQI,LTPHTKAVY,LLLAEGFYT,iedb_top_core_hypothesis,iedb_top_core_hypothesis,True,True,True,True,2,1,10,5,50,0.844,18.613,0.007234,0.648765,0.0,0.618333,17.996,4.47,27.517,17.347,3.991,27.468,0.0,0.0,0.96,tier_D_no_consistent_pose,weak,1,HUMAN_BACKGROUND_119732,0,,eligible_and_structurally_evaluated,Computational pMHC prioritization only; not evidence of shared-TCR recognition or molecular mimicry.
,EBV_TCELL_63843::HUMAN_MYELIN_80095,1,EBV_TCELL_63843,HUMAN_MYELIN_80095,TGGVYHFVKKHVHES,VVHFFKNIVTPRT,YHFVKKHVH,VHFFKNIVT,calibration_only_nonprimary_allele,iedb_top_core_hypothesis,False,True,True,True,2,2,10,10,0,0.8431,0.332,0.65387,,,,,,,,,,,,,,strong,3,HUMAN_BACKGROUND_119797;HUMAN_BACKGROUND_119909;HUMAN_BACKGROUND_79901,1,HUMAN_BACKGROUND_119797,not_discovery_rankable_register_or_allele_unresolved,Computational pMHC prioritization only; not evidence of shared-TCR recognition or molecular mimicry.
,EBV_TCELL_63843::HUMAN_MYELIN_13572,2,EBV_TCELL_63843,HUMAN_MYELIN_13572,TGGVYHFVKKHVHES,ENPVVHFFKNIVTPR,YHFVKKHVH,VHFFKNIVT,calibration_only_nonprimary_allele,experimental_primary_allele_reference,False,True,True,True,2,2,10,10,0,0.8431,0.37,0.64892,,,,,,,,,,,,,,strong,3,HUMAN_BACKGROUND_119797;HUMAN_BACKGROUND_119909;HUMAN_BACKGROUND_79901,1,HUMAN_BACKGROUND_119797,not_discovery_rankable_register_or_allele_unresolved,Computational pMHC prioritization only; not evidence of shared-TCR recognition or molecular mimicry.
,EBV_TCELL_63843::HUMAN_MYELIN_114806,3,EBV_TCELL_63843,HUMAN_MYELIN_114806,TGGVYHFVKKHVHES,ENPVVHFFKNIVTP,YHFVKKHVH,VHFFKNIVT,calibration_only_nonprimary_allele,iedb_top_core_hypothesis,False,True,True,True,2,2,10,10,0,0.8431,0.381,0.647494,,,,,,,,,,,,,,strong,3,HUMAN_BACKGROUND_119797;HUMAN_BACKGROUND_119909;HUMAN_BACKGROUND_79901,1,HUMAN_BACKGROUND_119797,not_discovery_rankable_register_or_allele_unresolved,Computational pMHC prioritization only; not evidence of shared-TCR recognition or molecular mimicry.
,EBV_TCELL_2268683::HUMAN_MYELIN_115641,4,EBV_TCELL_2268683,HUMAN_MYELIN_115641,EKQLFYYIGTMLPN,QRPGFGYGGRASDYKSAHK,,,sensitivity_only_unresolved,sensitivity_only_unresolved,False,True,False,True,1,2,5,10,0,0.8428,1.26,0.397688,,,,,,,,,,,,,,weak,3,HUMAN_BACKGROUND_115891;HUMAN_BACKGROUND_118550;HUMAN_BACKGROUND_119732,0,,not_discovery_rankable_register_or_allele_unresolved,Computational pMHC prioritization only; not evidence of shared-TCR recognition or molecular mimicry.
,EBV_TCELL_63843::HUMAN_MYELIN_13573,5,EBV_TCELL_63843,HUMAN_MYELIN_13573,TGGVYHFVKKHVHES,ENPVVHFFKNIVTPRTP,YHFVKKHVH,VHFFKNIVT,calibration_only_nonprimary_allele,iedb_top_core_hypothesis,False,True,True,True,2,1,10,5,0,0.8431,9.48,0.104932,,,,,,,,,,,,,,strong,0,,0,,not_discovery_rankable_register_or_allele_unresolved,Computational pMHC prioritization only; not evidence of shared-TCR recognition or molecular mimicry.
,EBV_TCELL_63843::HUMAN_MYELIN_111192,6,EBV_TCELL_63843,HUMAN_MYELIN_111192,TGGVYHFVKKHVHES,DENPVVHFFKNIVTPRTPP,YHFVKKHVH,VHFFKNIVT,calibration_only_nonprimary_allele,iedb_top_core_hypothesis,False,True,True,True,2,2,10,10,0,0.8431,9.471,0.101607,,,,,,,,,,,,,,strong,0,,0,,not_discovery_rankable_register_or_allele_unresolved,Computational pMHC prioritization only; not evidence of shared-TCR recognition or molecular mimicry.
,EBV_TCELL_63843::HUMAN_MYELIN_112393,7,EBV_TCELL_63843,HUMAN_MYELIN_112393,TGGVYHFVKKHVHES,VVHFFKNIVTPRTPPPSQGK,YHFVKKHVH,VHFFKNIVT,calibration_only_nonprimary_allele,iedb_top_core_hypothesis,False,True,False,True,2,1,10,5,0,0.8431,9.664,0.098309,,,,,,,,,,,,,,intermediate,0,,0,,not_discovery_rankable_register_or_allele_unresolved,Computational pMHC prioritization only; not evidence of shared-TCR recognition or molecular mimicry.
,EBV_TCELL_63843::HUMAN_MYELIN_45514,8,EBV_TCELL_63843,HUMAN_MYELIN_45514,TGGVYHFVKKHVHES,NPVVHFFKNIVTPRTPPPSQ,YHFVKKHVH,VHFFKNIVT,calibration_only_nonprimary_allele,iedb_top_core_hypothesis,False,True,True,True,2,2,10,10,0,0.8431,9.762,0.097969,,,,,,,,,,,,,,strong,0,,0,,not_discovery_rankable_register_or_allele_unresolved,Computational pMHC prioritization only; not evidence of shared-TCR recognition or molecular mimicry.
,EBV_TCELL_63843::HUMAN_MYELIN_114925,10,EBV_TCELL_63843,HUMAN_MYELIN_114925,TGGVYHFVKKHVHES,QDENPVVHFFKNIVTPRTP,YHFVKKHVH,VHFFKNIVT,calibration_only_nonprimary_allele,iedb_top_core_hypothesis,False,True,True,True,2,2,10,10,0,0.8431,9.488,0.096244,,,,,,,,,,,,,,strong,0,,0,,not_discovery_rankable_register_or_allele_unresolved,Computational pMHC prioritization only; not evidence of shared-TCR recognition or molecular mimicry.
,EBV_TCELL_63843::HUMAN_MYELIN_116170,11,EBV_TCELL_63843,HUMAN_MYELIN_116170,TGGVYHFVKKHVHES,TQDENPVVHFFKNIVTPRTP,YHFVKKHVH,VHFFKNIVT,calibration_only_nonprimary_allele,iedb_top_core_hypothesis,False,True,True,True,2,2,10,10,0,0.8431,9.534,0.093998,,,,,,,,,,,,,,strong,0,,0,,not_discovery_rankable_register_or_allele_unresolved,Computational pMHC prioritization only; not evidence of shared-TCR recognition or molecular mimicry.
,EBV_TCELL_1392779::HUMAN_MYELIN_117035,13,EBV_TCELL_1392779,HUMAN_MYELIN_117035,FARQAVWLRE,LGHPDKFVGITYALTVVWLLVFACSAVPVYIY,IFARQAVWL,LLVFACSAV,unresolved_or_flank_dependent_core,iedb_top_core_hypothesis,False,True,True,True,2,2,10,10,0,0.8926,9.22,0.083192,,,,,,,,,,,,,,weak,0,,0,,not_discovery_rankable_register_or_allele_unresolved,Computational pMHC prioritization only; not evidence of shared-TCR recognition or molecular mimicry.
,EBV_TCELL_63843::HUMAN_MYELIN_112603,14,EBV_TCELL_63843,HUMAN_MYELIN_112603,TGGVYHFVKKHVHES,MIAATYNFAVLKLMGRGTKF,YHFVKKHVH,VLKLMGRGT,calibration_only_nonprimary_allele,iedb_top_core_hypothesis,False,True,True,True,2,2,10,10,0,0.9213,9.394,0.082437,,,,,,,,,,,,,,weak,1,HUMAN_BACKGROUND_119732,0,,not_discovery_rankable_register_or_allele_unresolved,Computational pMHC prioritization only; not evidence of shared-TCR recognition or molecular mimicry.
,EBV_TCELL_1392779::HUMAN_MYELIN_117117,15,EBV_TCELL_1392779,HUMAN_MYELIN_117117,FARQAVWLRE,YFSKNYQDYEYLINVIHAFQYVIYGTASFFFL,IFARQAVWL,IHAFQYVIY,unresolved_or_flank_dependent_core,iedb_top_core_hypothesis,False,True,True,True,2,2,10,10,0,0.7422,8.683,0.06026,,,,,,,,,,,,,,weak,0,,0,,not_discovery_rankable_register_or_allele_unresolved,Computational pMHC prioritization only; not evidence of shared-TCR recognition or molecular mimicry.
,EBV_TCELL_63843::HUMAN_MYELIN_114765,18,EBV_TCELL_63843,HUMAN_MYELIN_114765,TGGVYHFVKKHVHES,DENPVVHFFKN,YHFVKKHVH,ENPVVHFFK,calibration_only_nonprimary_allele,iedb_top_core_hypothesis,False,True,True,True,2,2,10,10,0,0.8431,10.603,0.0524,,,,,,,,,,,,,,weak,4,HUMAN_BACKGROUND_119777;HUMAN_BACKGROUND_119944;HUMAN_BACKGROUND_120012;HUMAN_BACKGROUND_120016,2,HUMAN_BACKGROUND_119777;HUMAN_BACKGROUND_119944,not_discovery_rankable_register_or_allele_unresolved,Computational pMHC prioritization only; not evidence of shared-TCR recognition or molecular mimicry.
,EBV_TCELL_2268683::HUMAN_MYELIN_117117,19,EBV_TCELL_2268683,HUMAN_MYELIN_117117,EKQLFYYIGTMLPN,YFSKNYQDYEYLINVIHAFQYVIYGTASFFFL,,IHAFQYVIY,sensitivity_only_unresolved,iedb_top_core_hypothesis,False,True,False,True,1,2,5,10,0,0.8944,10.4,0.051511,,,,,,,,,,,,,,weak,0,,0,,not_discovery_rankable_register_or_allele_unresolved,Computational pMHC prioritization only; not evidence of shared-TCR recognition or molecular mimicry.
,EBV_TCELL_2268683::HUMAN_MYELIN_112214,30,EBV_TCELL_2268683,HUMAN_MYELIN_112214,EKQLFYYIGTMLPN,LSRFSWGAEGQRPGFGYGG,,WGAEGQRPG,sensitivity_only_unresolved,iedb_top_core_hypothesis,False,True,False,True,1,2,5,10,0,0.8428,24.463,0.003023,,,,,,,,,,,,,,weak,3,HUMAN_BACKGROUND_115891;HUMAN_BACKGROUND_118550;HUMAN_BACKGROUND_119732,0,,not_discovery_rankable_register_or_allele_unresolved,Computational pMHC prioritization only; not evidence of shared-TCR recognition or molecular mimicry.
