positive_peptide,positive_length,negative_control_peptide,negative_length,absolute_length_difference
FARQAVWLRE,10,GATVKGMQSYGLER,14,4
VLRYHVLLEE,10,GATVKGMQSYGLER,14,4
EKQLFYYIGTMLPN,14,GATVKGMQSYGLER,14,0
IMNILRIYYSPSIM,14,GATVKGMQSYGLER,14,0
VTNILIYNGWYADS,14,GATVKGMQSYGLER,14,0
AEGLRALLARSHVER,15,LTTMFEVSVAFFKVG,15,0
GNEIHVYNDYHHFKT,15,LTTMFEVSVAFFKVG,15,0
TGGVYHFVKKHVHES,15,LTTMFEVSVAFFKVG,15,0
VTTFVHYANFHNYFVPN,17,SVLLSAYNRHPLFQPL,16,1
FIEFVGWLCKKDHTHIREWF,20,EDLPCIVSRGGPKVKRPPIF,20,0
LDLDFGQLTPHTKAVYQPRG,20,EDLPCIVSRGGPKVKRPPIF,20,0
NILRIYYSPSIMHRYAVVQP,20,EDLPCIVSRGGPKVKRPPIF,20,0
