structure_path,source_bucket,filename,chain_ids,chain_lengths,peptide_chain,peptide_sequence,candidate_ids,hla,molecule_role_counts,proper_class_ii_layout,mean_peptide_bfactor,mean_all_bfactor,status
/Users/anishsharma/Library/Mobile Documents/com~apple~CloudDocs/Downloads/Projects and Data/MHC Docking Analysis/MHCII_Top01_ebv_unrelaxed_rank_001_alphafold2_multimer_v3_model_1_seed_000.pdb,legacy_docking_complex,MHCII_Top01_ebv_unrelaxed_rank_001_alphafold2_multimer_v3_model_1_seed_000.pdb,A:B:C,"{""A"": 865, ""B"": 266, ""C"": 15}",C,NILRIYYSPSIMHRY,,,"{""DRA_like"": 0, ""DRB_like"": 1}",False,26.517,37.376,legacy_ambiguous_complex
/Users/anishsharma/Library/Mobile Documents/com~apple~CloudDocs/Downloads/Projects and Data/MHC Docking Analysis/MHCII_Top01_myelin_unrelaxed_rank_001_alphafold2_multimer_v3_model_1_seed_000.pdb,legacy_docking_complex,MHCII_Top01_myelin_unrelaxed_rank_001_alphafold2_multimer_v3_model_1_seed_000.pdb,A:B:C,"{""A"": 865, ""B"": 266, ""C"": 15}",C,RALVFYYTTGAVRQI,,,"{""DRA_like"": 0, ""DRB_like"": 1}",False,21.148,37.554,legacy_ambiguous_complex
/Users/anishsharma/Library/Mobile Documents/com~apple~CloudDocs/Downloads/Projects and Data/MHC Docking Analysis/MHCII_Top02_ebv_unrelaxed_rank_001_alphafold2_multimer_v3_model_1_seed_000.pdb,legacy_docking_complex,MHCII_Top02_ebv_unrelaxed_rank_001_alphafold2_multimer_v3_model_1_seed_000.pdb,A:B:C,"{""A"": 865, ""B"": 266, ""C"": 15}",C,ENILRIYYSPSIMHR,,,"{""DRA_like"": 0, ""DRB_like"": 1}",False,21.133,37.424,legacy_ambiguous_complex
/Users/anishsharma/Library/Mobile Documents/com~apple~CloudDocs/Downloads/Projects and Data/MHC Docking Analysis/MHCII_Top02_myelin_unrelaxed_rank_001_alphafold2_multimer_v3_model_1_seed_000.pdb,legacy_docking_complex,MHCII_Top02_myelin_unrelaxed_rank_001_alphafold2_multimer_v3_model_1_seed_000.pdb,A:B:C,"{""A"": 865, ""B"": 266, ""C"": 15}",C,EKLIETYFSKNYQDY,,,"{""DRA_like"": 0, ""DRB_like"": 1}",False,30.412,37.188,legacy_ambiguous_complex
/Users/anishsharma/Library/Mobile Documents/com~apple~CloudDocs/Downloads/Projects and Data/MHC Docking Analysis/MHCII_Top03_ebv_unrelaxed_rank_001_alphafold2_multimer_v3_model_1_seed_000.pdb,legacy_docking_complex,MHCII_Top03_ebv_unrelaxed_rank_001_alphafold2_multimer_v3_model_1_seed_000.pdb,A:B:C,"{""A"": 865, ""B"": 266, ""C"": 15}",C,ENILRIYYSPSIMHR,,,"{""DRA_like"": 0, ""DRB_like"": 1}",False,21.133,37.424,legacy_ambiguous_complex
/Users/anishsharma/Library/Mobile Documents/com~apple~CloudDocs/Downloads/Projects and Data/MHC Docking Analysis/MHCII_Top03_myelin_unrelaxed_rank_001_alphafold2_multimer_v3_model_1_seed_000.pdb,legacy_docking_complex,MHCII_Top03_myelin_unrelaxed_rank_001_alphafold2_multimer_v3_model_1_seed_000.pdb,A:B:C,"{""A"": 865, ""B"": 266, ""C"": 15}",C,PRALVFYYTTGAVRQ,,,"{""DRA_like"": 0, ""DRB_like"": 1}",False,20.125,36.83,legacy_ambiguous_complex
/Users/anishsharma/Library/Mobile Documents/com~apple~CloudDocs/Downloads/Projects and Data/MHC Docking Analysis/MHCII_Top04_ebv_unrelaxed_rank_001_alphafold2_multimer_v3_model_1_seed_000.pdb,legacy_docking_complex,MHCII_Top04_ebv_unrelaxed_rank_001_alphafold2_multimer_v3_model_1_seed_000.pdb,A:B:C,"{""A"": 865, ""B"": 266, ""C"": 15}",C,EKQLFYYIGTMLPNG,,,"{""DRA_like"": 0, ""DRB_like"": 1}",False,23.927,36.995,legacy_ambiguous_complex
/Users/anishsharma/Library/Mobile Documents/com~apple~CloudDocs/Downloads/Projects and Data/MHC Docking Analysis/MHCII_Top04_myelin_unrelaxed_rank_001_alphafold2_multimer_v3_model_1_seed_000.pdb,legacy_docking_complex,MHCII_Top04_myelin_unrelaxed_rank_001_alphafold2_multimer_v3_model_1_seed_000.pdb,A:B:C,"{""A"": 865, ""B"": 266, ""C"": 15}",C,NPVVHFFKNIVTPDG,,,"{""DRA_like"": 0, ""DRB_like"": 1}",False,26.798,37.15,legacy_ambiguous_complex
/Users/anishsharma/Library/Mobile Documents/com~apple~CloudDocs/Downloads/Projects and Data/MHC Docking Analysis/MHCII_Top05_ebv_unrelaxed_rank_001_alphafold2_multimer_v3_model_1_seed_000.pdb,legacy_docking_complex,MHCII_Top05_ebv_unrelaxed_rank_001_alphafold2_multimer_v3_model_1_seed_000.pdb,A:B:C,"{""A"": 865, ""B"": 266, ""C"": 15}",C,ENILRIYYSPSIMHR,,,"{""DRA_like"": 0, ""DRB_like"": 1}",False,21.133,37.424,legacy_ambiguous_complex
/Users/anishsharma/Library/Mobile Documents/com~apple~CloudDocs/Downloads/Projects and Data/MHC Docking Analysis/MHCII_Top05_myelin_unrelaxed_rank_001_alphafold2_multimer_v3_model_1_seed_000.pdb,legacy_docking_complex,MHCII_Top05_myelin_unrelaxed_rank_001_alphafold2_multimer_v3_model_1_seed_000.pdb,A:B:C,"{""A"": 865, ""B"": 266, ""C"": 15}",C,DGVIKVFNDMKVRKG,,,"{""DRA_like"": 0, ""DRB_like"": 1}",False,24.47,37.2,legacy_ambiguous_complex
/Users/anishsharma/Library/Mobile Documents/com~apple~CloudDocs/Downloads/Projects and Data/Tetramer Docking Analysis/MHCII-regular pdbs/PDBs/MHCII_Top01_ebv_unrelaxed_rank_001_alphafold2_ptm_model_1_seed_000.pdb,legacy_tetramer_export,MHCII_Top01_ebv_unrelaxed_rank_001_alphafold2_ptm_model_1_seed_000.pdb,A,"{""A"": 493}",,,,,"{""DRA_like"": 1, ""DRB_like"": 0}",False,,84.313,incomplete_structure
/Users/anishsharma/Library/Mobile Documents/com~apple~CloudDocs/Downloads/Projects and Data/Tetramer Docking Analysis/MHCII-regular pdbs/PDBs/MHCII_Top01_myelin_unrelaxed_rank_001_alphafold2_ptm_model_1_seed_000.pdb,legacy_tetramer_export,MHCII_Top01_myelin_unrelaxed_rank_001_alphafold2_ptm_model_1_seed_000.pdb,A,"{""A"": 493}",,,,,"{""DRA_like"": 1, ""DRB_like"": 0}",False,,85.592,incomplete_structure
/Users/anishsharma/Library/Mobile Documents/com~apple~CloudDocs/Downloads/Projects and Data/Tetramer Docking Analysis/MHCII-regular pdbs/PDBs/MHCII_Top02_ebv_unrelaxed_rank_001_alphafold2_ptm_model_1_seed_000.pdb,legacy_tetramer_export,MHCII_Top02_ebv_unrelaxed_rank_001_alphafold2_ptm_model_1_seed_000.pdb,A,"{""A"": 494}",,,,,"{""DRA_like"": 1, ""DRB_like"": 0}",False,,87.3,incomplete_structure
/Users/anishsharma/Library/Mobile Documents/com~apple~CloudDocs/Downloads/Projects and Data/Tetramer Docking Analysis/MHCII-regular pdbs/PDBs/MHCII_Top02_myelin_unrelaxed_rank_001_alphafold2_ptm_model_1_seed_000.pdb,legacy_tetramer_export,MHCII_Top02_myelin_unrelaxed_rank_001_alphafold2_ptm_model_1_seed_000.pdb,A,"{""A"": 493}",,,,,"{""DRA_like"": 1, ""DRB_like"": 0}",False,,85.274,incomplete_structure
/Users/anishsharma/Library/Mobile Documents/com~apple~CloudDocs/Downloads/Projects and Data/Tetramer Docking Analysis/MHCII-regular pdbs/PDBs/MHCII_Top03_ebv_unrelaxed_rank_001_alphafold2_ptm_model_1_seed_000.pdb,legacy_tetramer_export,MHCII_Top03_ebv_unrelaxed_rank_001_alphafold2_ptm_model_1_seed_000.pdb,A,"{""A"": 494}",,,,,"{""DRA_like"": 1, ""DRB_like"": 0}",False,,87.3,incomplete_structure
/Users/anishsharma/Library/Mobile Documents/com~apple~CloudDocs/Downloads/Projects and Data/Tetramer Docking Analysis/MHCII-regular pdbs/PDBs/MHCII_Top03_myelin_unrelaxed_rank_001_alphafold2_ptm_model_1_seed_000.pdb,legacy_tetramer_export,MHCII_Top03_myelin_unrelaxed_rank_001_alphafold2_ptm_model_1_seed_000.pdb,A,"{""A"": 493}",,,,,"{""DRA_like"": 1, ""DRB_like"": 0}",False,,86.151,incomplete_structure
/Users/anishsharma/Library/Mobile Documents/com~apple~CloudDocs/Downloads/Projects and Data/Tetramer Docking Analysis/MHCII-regular pdbs/PDBs/MHCII_Top04_ebv_unrelaxed_rank_001_alphafold2_ptm_model_1_seed_000.pdb,legacy_tetramer_export,MHCII_Top04_ebv_unrelaxed_rank_001_alphafold2_ptm_model_1_seed_000.pdb,A,"{""A"": 493}",,,,,"{""DRA_like"": 1, ""DRB_like"": 0}",False,,87.367,incomplete_structure
/Users/anishsharma/Library/Mobile Documents/com~apple~CloudDocs/Downloads/Projects and Data/Tetramer Docking Analysis/MHCII-regular pdbs/PDBs/MHCII_Top04_myelin_unrelaxed_rank_001_alphafold2_ptm_model_1_seed_000.pdb,legacy_tetramer_export,MHCII_Top04_myelin_unrelaxed_rank_001_alphafold2_ptm_model_1_seed_000.pdb,A,"{""A"": 493}",,,,,"{""DRA_like"": 1, ""DRB_like"": 0}",False,,84.416,incomplete_structure
/Users/anishsharma/Library/Mobile Documents/com~apple~CloudDocs/Downloads/Projects and Data/Tetramer Docking Analysis/MHCII-regular pdbs/PDBs/MHCII_Top05_ebv_unrelaxed_rank_001_alphafold2_ptm_model_1_seed_000.pdb,legacy_tetramer_export,MHCII_Top05_ebv_unrelaxed_rank_001_alphafold2_ptm_model_1_seed_000.pdb,A,"{""A"": 494}",,,,,"{""DRA_like"": 1, ""DRB_like"": 0}",False,,87.3,incomplete_structure
/Users/anishsharma/Library/Mobile Documents/com~apple~CloudDocs/Downloads/Projects and Data/Tetramer Docking Analysis/MHCII-regular pdbs/PDBs/MHCII_Top05_myelin_unrelaxed_rank_001_alphafold2_ptm_model_1_seed_000.pdb,legacy_tetramer_export,MHCII_Top05_myelin_unrelaxed_rank_001_alphafold2_ptm_model_1_seed_000.pdb,A,"{""A"": 493}",,,,,"{""DRA_like"": 1, ""DRB_like"": 0}",False,,85.365,incomplete_structure
/Users/anishsharma/Library/Mobile Documents/com~apple~CloudDocs/Downloads/Projects and Data/ebv pdbs/MHCII_006_ebv_REGULAR_unrelaxed_rank_001_alphafold2_multimer_v3_model_1_seed_000.pdb,legacy_predicted_pmhc,MHCII_006_ebv_REGULAR_unrelaxed_rank_001_alphafold2_multimer_v3_model_1_seed_000.pdb,A:B:C,"{""A"": 267, ""B"": 266, ""C"": 15}",C,NILRIYYSPSIMHRY,,,"{""DRA_like"": 0, ""DRB_like"": 2}",False,24.212,75.889,unmapped_peptide
/Users/anishsharma/Library/Mobile Documents/com~apple~CloudDocs/Downloads/Projects and Data/ebv pdbs/MHCII_007_ebv_REGULAR_unrelaxed_rank_001_alphafold2_multimer_v3_model_1_seed_000.pdb,legacy_predicted_pmhc,MHCII_007_ebv_REGULAR_unrelaxed_rank_001_alphafold2_multimer_v3_model_1_seed_000.pdb,A:B:C,"{""A"": 267, ""B"": 266, ""C"": 15}",C,GNEIHVYNDYHHFKT,EBV_TCELL_2268720,HLA-DRB1*15:01,"{""DRA_like"": 0, ""DRB_like"": 2}",False,33.341,76.563,peptide_match_but_missing_alpha_chain
/Users/anishsharma/Library/Mobile Documents/com~apple~CloudDocs/Downloads/Projects and Data/ebv pdbs/MHCII_008_ebv_REGULAR_unrelaxed_rank_001_alphafold2_multimer_v3_model_1_seed_000.pdb,legacy_predicted_pmhc,MHCII_008_ebv_REGULAR_unrelaxed_rank_001_alphafold2_multimer_v3_model_1_seed_000.pdb,A:B:C,"{""A"": 267, ""B"": 266, ""C"": 19}",C,GCKGTHGGTGAGAGAGGAG,,,"{""DRA_like"": 0, ""DRB_like"": 2}",False,24.319,77.074,unmapped_peptide
/Users/anishsharma/Library/Mobile Documents/com~apple~CloudDocs/Downloads/Projects and Data/ebv pdbs/MHCII_009_ebv_REGULAR_unrelaxed_rank_001_alphafold2_multimer_v3_model_1_seed_000.pdb,legacy_predicted_pmhc,MHCII_009_ebv_REGULAR_unrelaxed_rank_001_alphafold2_multimer_v3_model_1_seed_000.pdb,A:B:C,"{""A"": 267, ""B"": 266, ""C"": 15}",C,NGNEIHVYNDYHHFK,,,"{""DRA_like"": 0, ""DRB_like"": 2}",False,27.356,76.698,unmapped_peptide
/Users/anishsharma/Library/Mobile Documents/com~apple~CloudDocs/Downloads/Projects and Data/ebv pdbs/MHCII_010_ebv_REGULAR_unrelaxed_rank_001_alphafold2_multimer_v3_model_1_seed_000.pdb,legacy_predicted_pmhc,MHCII_010_ebv_REGULAR_unrelaxed_rank_001_alphafold2_multimer_v3_model_1_seed_000.pdb,A:B:C,"{""A"": 267, ""B"": 266, ""C"": 14}",C,KGGWFGKHRGQGGS,,,"{""DRA_like"": 0, ""DRB_like"": 2}",False,26.478,77.494,unmapped_peptide
/Users/anishsharma/Library/Mobile Documents/com~apple~CloudDocs/Downloads/Projects and Data/ebv pdbs/MHCII_CTRL_EBV_001_unrelaxed_rank_001_alphafold2_multimer_v3_model_1_seed_000.pdb,legacy_predicted_pmhc,MHCII_CTRL_EBV_001_unrelaxed_rank_001_alphafold2_multimer_v3_model_1_seed_000.pdb,A:B:C,"{""A"": 267, ""B"": 266, ""C"": 20}",C,RVTVCSFDDGVDLPPWFPPM,,,"{""DRA_like"": 0, ""DRB_like"": 2}",False,26.693,75.563,unmapped_peptide
/Users/anishsharma/Library/Mobile Documents/com~apple~CloudDocs/Downloads/Projects and Data/ebv pdbs/MHCII_CTRL_EBV_002_unrelaxed_rank_001_alphafold2_multimer_v3_model_1_seed_000.pdb,legacy_predicted_pmhc,MHCII_CTRL_EBV_002_unrelaxed_rank_001_alphafold2_multimer_v3_model_1_seed_000.pdb,A:B:C,"{""A"": 267, ""B"": 266, ""C"": 15}",C,AGVFVYGGSKTSLYN,,,"{""DRA_like"": 0, ""DRB_like"": 2}",False,25.592,77.246,unmapped_peptide
/Users/anishsharma/Library/Mobile Documents/com~apple~CloudDocs/Downloads/Projects and Data/ebv pdbs/MHCII_CTRL_EBV_003_unrelaxed_rank_001_alphafold2_multimer_v3_model_1_seed_000.pdb,legacy_predicted_pmhc,MHCII_CTRL_EBV_003_unrelaxed_rank_001_alphafold2_multimer_v3_model_1_seed_000.pdb,A:B:C,"{""A"": 267, ""B"": 266, ""C"": 9}",C,ESDSNSNEG,,,"{""DRA_like"": 0, ""DRB_like"": 2}",False,25.634,78.691,unmapped_peptide
/Users/anishsharma/Library/Mobile Documents/com~apple~CloudDocs/Downloads/Projects and Data/ebv pdbs/MHCII_CTRL_EBV_004_unrelaxed_rank_001_alphafold2_multimer_v3_model_1_seed_000.pdb,legacy_predicted_pmhc,MHCII_CTRL_EBV_004_unrelaxed_rank_001_alphafold2_multimer_v3_model_1_seed_000.pdb,A:B:C,"{""A"": 267, ""B"": 266, ""C"": 15}",C,DGGRRKKGGWFGKHR,,,"{""DRA_like"": 0, ""DRB_like"": 2}",False,26.306,77.074,unmapped_peptide
/Users/anishsharma/Library/Mobile Documents/com~apple~CloudDocs/Downloads/Projects and Data/ebv pdbs/MHCII_CTRL_EBV_005_unrelaxed_rank_001_alphafold2_multimer_v3_model_1_seed_000.pdb,legacy_predicted_pmhc,MHCII_CTRL_EBV_005_unrelaxed_rank_001_alphafold2_multimer_v3_model_1_seed_000.pdb,A:B:C,"{""A"": 267, ""B"": 266, ""C"": 24}",C,PQCRLTPLSRLPFGMAPGPGPQPG,EBV_MHC_48976,HLA-DRB1*15:01,"{""DRA_like"": 0, ""DRB_like"": 2}",False,23.414,74.813,peptide_match_but_missing_alpha_chain
/Users/anishsharma/Library/Mobile Documents/com~apple~CloudDocs/Downloads/Projects and Data/myelin pdbs/MHCII_006_myelin_REGULAR_unrelaxed_rank_001_alphafold2_multimer_v3_model_1_seed_000.pdb,legacy_predicted_pmhc,MHCII_006_myelin_REGULAR_unrelaxed_rank_001_alphafold2_multimer_v3_model_1_seed_000.pdb,A:B:C,"{""A"": 267, ""B"": 266, ""C"": 15}",C,RALVFYYTTGAVRQI,,,"{""DRA_like"": 0, ""DRB_like"": 2}",False,26.654,76.846,unmapped_peptide
/Users/anishsharma/Library/Mobile Documents/com~apple~CloudDocs/Downloads/Projects and Data/myelin pdbs/MHCII_007_myelin_REGULAR_unrelaxed_rank_001_alphafold2_multimer_v3_model_1_seed_000.pdb,legacy_predicted_pmhc,MHCII_007_myelin_REGULAR_unrelaxed_rank_001_alphafold2_multimer_v3_model_1_seed_000.pdb,A:B:C,"{""A"": 267, ""B"": 266, ""C"": 15}",C,DGVIKVFNDMKVRKG,,,"{""DRA_like"": 0, ""DRB_like"": 2}",False,34.819,76.928,unmapped_peptide
/Users/anishsharma/Library/Mobile Documents/com~apple~CloudDocs/Downloads/Projects and Data/myelin pdbs/MHCII_008_myelin_REGULAR_unrelaxed_rank_001_alphafold2_multimer_v3_model_1_seed_000.pdb,legacy_predicted_pmhc,MHCII_008_myelin_REGULAR_unrelaxed_rank_001_alphafold2_multimer_v3_model_1_seed_000.pdb,A:B:C,"{""A"": 267, ""B"": 266, ""C"": 19}",C,LSRFSWGAEGQRPGFGYGG,HUMAN_MYELIN_112214,HLA-DRB1*15:01,"{""DRA_like"": 0, ""DRB_like"": 2}",False,26.24,76.593,peptide_match_but_missing_alpha_chain
/Users/anishsharma/Library/Mobile Documents/com~apple~CloudDocs/Downloads/Projects and Data/myelin pdbs/MHCII_009_myelin_REGULAR_unrelaxed_rank_001_alphafold2_multimer_v3_model_1_seed_000.pdb,legacy_predicted_pmhc,MHCII_009_myelin_REGULAR_unrelaxed_rank_001_alphafold2_multimer_v3_model_1_seed_000.pdb,A:B:C,"{""A"": 267, ""B"": 266, ""C"": 14}",C,SANNIHFMRQSEIG,,,"{""DRA_like"": 0, ""DRB_like"": 2}",False,26.23,76.561,unmapped_peptide
/Users/anishsharma/Library/Mobile Documents/com~apple~CloudDocs/Downloads/Projects and Data/myelin pdbs/MHCII_010_myelin_REGULAR_unrelaxed_rank_001_alphafold2_multimer_v3_model_1_seed_000.pdb,legacy_predicted_pmhc,MHCII_010_myelin_REGULAR_unrelaxed_rank_001_alphafold2_multimer_v3_model_1_seed_000.pdb,A:B:C,"{""A"": 267, ""B"": 266, ""C"": 15}",C,EFGRFASFEAQGVVH,,,"{""DRA_like"": 0, ""DRB_like"": 2}",False,27.862,76.885,unmapped_peptide
/Users/anishsharma/Library/Mobile Documents/com~apple~CloudDocs/Downloads/Projects and Data/myelin pdbs/MHCII_CTRL_Human_001_unrelaxed_rank_001_alphafold2_multimer_v3_model_1_seed_000.pdb,legacy_predicted_pmhc,MHCII_CTRL_Human_001_unrelaxed_rank_001_alphafold2_multimer_v3_model_1_seed_000.pdb,A:B:C,"{""A"": 267, ""B"": 266, ""C"": 29}",C,IGRFFGGDRGAPKRGSGKDSHHPARTAHY,HUMAN_MYELIN_117009,HLA-DRB1*15:01,"{""DRA_like"": 0, ""DRB_like"": 2}",False,24.625,75.576,peptide_match_but_missing_alpha_chain
/Users/anishsharma/Library/Mobile Documents/com~apple~CloudDocs/Downloads/Projects and Data/myelin pdbs/MHCII_CTRL_Human_002_unrelaxed_rank_001_alphafold2_multimer_v3_model_1_seed_000.pdb,legacy_predicted_pmhc,MHCII_CTRL_Human_002_unrelaxed_rank_001_alphafold2_multimer_v3_model_1_seed_000.pdb,A:B:C,"{""A"": 267, ""B"": 266, ""C"": 16}",C,VFLCLQYRLRGKLRAE,HUMAN_MYELIN_118650,HLA-DRB1*15:01,"{""DRA_like"": 0, ""DRB_like"": 2}",False,24.623,76.035,peptide_match_but_missing_alpha_chain
/Users/anishsharma/Library/Mobile Documents/com~apple~CloudDocs/Downloads/Projects and Data/myelin pdbs/MHCII_CTRL_Human_003_unrelaxed_rank_001_alphafold2_multimer_v3_model_1_seed_000.pdb,legacy_predicted_pmhc,MHCII_CTRL_Human_003_unrelaxed_rank_001_alphafold2_multimer_v3_model_1_seed_000.pdb,A:B:C,"{""A"": 267, ""B"": 266, ""C"": 20}",C,GSGKDSHHPARTAHYGSLPQ,HUMAN_MYELIN_112782,HLA-DRB1*15:01,"{""DRA_like"": 0, ""DRB_like"": 2}",False,26.194,75.339,peptide_match_but_missing_alpha_chain
/Users/anishsharma/Library/Mobile Documents/com~apple~CloudDocs/Downloads/Projects and Data/myelin pdbs/MHCII_CTRL_Human_004_unrelaxed_rank_001_alphafold2_multimer_v3_model_1_seed_000.pdb,legacy_predicted_pmhc,MHCII_CTRL_Human_004_unrelaxed_rank_001_alphafold2_multimer_v3_model_1_seed_000.pdb,A:B:C,"{""A"": 267, ""B"": 266, ""C"": 19}",C,KNIVTPRTPPPSQGKGRGL,HUMAN_MYELIN_115622,HLA-DRB1*15:01,"{""DRA_like"": 0, ""DRB_like"": 2}",False,24.131,76.043,peptide_match_but_missing_alpha_chain
/Users/anishsharma/Library/Mobile Documents/com~apple~CloudDocs/Downloads/Projects and Data/myelin pdbs/MHCII_CTRL_Human_005_unrelaxed_rank_001_alphafold2_multimer_v3_model_1_seed_000.pdb,legacy_predicted_pmhc,MHCII_CTRL_Human_005_unrelaxed_rank_001_alphafold2_multimer_v3_model_1_seed_000.pdb,A:B:C,"{""A"": 267, ""B"": 266, ""C"": 20}",C,AVPVYIYFNTWTTCQSIAFP,HUMAN_MYELIN_5516,HLA-DRB1*15:01,"{""DRA_like"": 0, ""DRB_like"": 2}",False,36.446,76.716,peptide_match_but_missing_alpha_chain
/Users/anishsharma/Library/Mobile Documents/com~apple~CloudDocs/Downloads/Projects and Data/new ebv pdbs/MHCII_CTRL_EBV_001_unrelaxed_rank_001_alphafold2_multimer_v3_model_1_seed_000.pdb,legacy_predicted_pmhc,MHCII_CTRL_EBV_001_unrelaxed_rank_001_alphafold2_multimer_v3_model_1_seed_000.pdb,A:B:C,"{""A"": 267, ""B"": 254, ""C"": 20}",C,RVTVCSFDDGVDLPPWFPPM,,,"{""DRA_like"": 1, ""DRB_like"": 1}",True,34.04,82.662,unmapped_peptide
/Users/anishsharma/Library/Mobile Documents/com~apple~CloudDocs/Downloads/Projects and Data/new ebv pdbs/MHCII_CTRL_EBV_002_unrelaxed_rank_001_alphafold2_multimer_v3_model_1_seed_000.pdb,legacy_predicted_pmhc,MHCII_CTRL_EBV_002_unrelaxed_rank_001_alphafold2_multimer_v3_model_1_seed_000.pdb,A:B:C,"{""A"": 267, ""B"": 254, ""C"": 15}",C,AGVFVYGGSKTSLYN,,,"{""DRA_like"": 1, ""DRB_like"": 1}",True,72.622,85.703,unmapped_peptide
/Users/anishsharma/Library/Mobile Documents/com~apple~CloudDocs/Downloads/Projects and Data/new ebv pdbs/MHCII_CTRL_EBV_003_unrelaxed_rank_001_alphafold2_multimer_v3_model_1_seed_000.pdb,legacy_predicted_pmhc,MHCII_CTRL_EBV_003_unrelaxed_rank_001_alphafold2_multimer_v3_model_1_seed_000.pdb,A:B:C,"{""A"": 267, ""B"": 254, ""C"": 9}",C,ESDSNSNEG,,,"{""DRA_like"": 1, ""DRB_like"": 1}",True,27.044,84.587,unmapped_peptide
/Users/anishsharma/Library/Mobile Documents/com~apple~CloudDocs/Downloads/Projects and Data/new ebv pdbs/MHCII_CTRL_EBV_004_unrelaxed_rank_001_alphafold2_multimer_v3_model_1_seed_000.pdb,legacy_predicted_pmhc,MHCII_CTRL_EBV_004_unrelaxed_rank_001_alphafold2_multimer_v3_model_1_seed_000.pdb,A:B:C,"{""A"": 267, ""B"": 254, ""C"": 15}",C,DGGRRKKGGWFGKHR,,,"{""DRA_like"": 1, ""DRB_like"": 1}",True,32.43,83.417,unmapped_peptide
/Users/anishsharma/Library/Mobile Documents/com~apple~CloudDocs/Downloads/Projects and Data/new ebv pdbs/MHCII_CTRL_EBV_005_unrelaxed_rank_001_alphafold2_multimer_v3_model_1_seed_000.pdb,legacy_predicted_pmhc,MHCII_CTRL_EBV_005_unrelaxed_rank_001_alphafold2_multimer_v3_model_1_seed_000.pdb,A:B:C,"{""A"": 267, ""B"": 254, ""C"": 24}",C,PQCRLTPLSRLPFGMAPGPGPQPG,EBV_MHC_48976,HLA-DRB1*15:01,"{""DRA_like"": 1, ""DRB_like"": 1}",True,25.349,82.158,validated_reference_structure
/Users/anishsharma/Library/Mobile Documents/com~apple~CloudDocs/Downloads/Projects and Data/new myelin pdbs/MHCII_CTRL_Human_001_unrelaxed_rank_001_alphafold2_multimer_v3_model_1_seed_000.pdb,legacy_predicted_pmhc,MHCII_CTRL_Human_001_unrelaxed_rank_001_alphafold2_multimer_v3_model_1_seed_000.pdb,A:B:C,"{""A"": 267, ""B"": 254, ""C"": 28}",C,GRFFGGDRGAPKRGSGKDSHHPARTAHY,,,"{""DRA_like"": 1, ""DRB_like"": 1}",True,25.943,81.538,unmapped_peptide
/Users/anishsharma/Library/Mobile Documents/com~apple~CloudDocs/Downloads/Projects and Data/new myelin pdbs/MHCII_CTRL_Human_002_unrelaxed_rank_001_alphafold2_multimer_v3_model_1_seed_000.pdb,legacy_predicted_pmhc,MHCII_CTRL_Human_002_unrelaxed_rank_001_alphafold2_multimer_v3_model_1_seed_000.pdb,A:B:C,"{""A"": 267, ""B"": 254, ""C"": 16}",C,VFLCLQYRLRGKLRAE,HUMAN_MYELIN_118650,HLA-DRB1*15:01,"{""DRA_like"": 1, ""DRB_like"": 1}",True,59.957,84.991,validated_reference_structure
/Users/anishsharma/Library/Mobile Documents/com~apple~CloudDocs/Downloads/Projects and Data/new myelin pdbs/MHCII_CTRL_Human_003_unrelaxed_rank_001_alphafold2_multimer_v3_model_1_seed_000.pdb,legacy_predicted_pmhc,MHCII_CTRL_Human_003_unrelaxed_rank_001_alphafold2_multimer_v3_model_1_seed_000.pdb,A:B:C,"{""A"": 267, ""B"": 254, ""C"": 20}",C,GSGKDSHHPARTAHYGSLPQ,HUMAN_MYELIN_112782,HLA-DRB1*15:01,"{""DRA_like"": 1, ""DRB_like"": 1}",True,33.382,83.041,validated_reference_structure
/Users/anishsharma/Library/Mobile Documents/com~apple~CloudDocs/Downloads/Projects and Data/new myelin pdbs/MHCII_CTRL_Human_004_unrelaxed_rank_001_alphafold2_multimer_v3_model_1_seed_000.pdb,legacy_predicted_pmhc,MHCII_CTRL_Human_004_unrelaxed_rank_001_alphafold2_multimer_v3_model_1_seed_000.pdb,A:B:C,"{""A"": 267, ""B"": 254, ""C"": 19}",C,KNIVTPRTPPPSQGKGRGL,HUMAN_MYELIN_115622,HLA-DRB1*15:01,"{""DRA_like"": 1, ""DRB_like"": 1}",True,65.528,85.816,validated_reference_structure
/Users/anishsharma/Library/Mobile Documents/com~apple~CloudDocs/Downloads/Projects and Data/new myelin pdbs/MHCII_CTRL_Human_005_unrelaxed_rank_001_alphafold2_multimer_v3_model_1_seed_000.pdb,legacy_predicted_pmhc,MHCII_CTRL_Human_005_unrelaxed_rank_001_alphafold2_multimer_v3_model_1_seed_000.pdb,A:B:C,"{""A"": 267, ""B"": 254, ""C"": 20}",C,AVPVYIYFNTWTTCQSIAFP,HUMAN_MYELIN_5516,HLA-DRB1*15:01,"{""DRA_like"": 1, ""DRB_like"": 1}",True,34.979,82.741,validated_reference_structure
