core_position,height_A,local_offset,minimum_clearance_A,outward_normal_x,outward_normal_y,outward_normal_z,panel_id,point_index,x_A,y_A,z_A
2,8.5,center,0.3660384508561201,0.965564174211449,-0.24049342930548712,0.09924079776104837,HY13_SEQ_02,0,28.52529548079732,-7.488194149096641,0.18354678096891108
2,8.75,longitudinal_minus,0.2988623003390325,0.965564174211449,-0.24049342930548712,0.09924079776104837,HY13_SEQ_02,1,28.42810328935676,-8.994417649610384,-0.0017757606257616798
2,8.0,longitudinal_plus,0.37813028162433415,0.965564174211449,-0.24049342930548712,0.09924079776104837,HY13_SEQ_02,2,28.381096628685015,-5.921847291256526,0.34405912312332176
2,8.75,transverse_minus,0.3762258521635067,0.965564174211449,-0.24049342930548712,0.09924079776104837,HY13_SEQ_02,3,28.960734199703314,-7.379022130200092,-1.269372553463512
2,7.75,transverse_plus,0.2861261397669477,0.965564174211449,-0.24049342930548712,0.09924079776104837,HY13_SEQ_02,4,27.6070746747856,-7.477119453340446,1.5868457165208103
3,8.25,center,0.3098147582220889,0.965564174211449,-0.24049342930548712,0.09924079776104837,HY13_SEQ_02,5,27.453904437244454,-3.8840707917702684,1.249736581528649
3,8.25,longitudinal_minus,0.2759137102959257,0.965564174211449,-0.24049342930548712,0.09924079776104837,HY13_SEQ_02,6,27.11532120225103,-5.330170934957639,1.0396038404937142
3,10.5,longitudinal_plus,0.33962464805860026,0.965564174211449,-0.24049342930548712,0.09924079776104837,HY13_SEQ_02,7,29.965007064213637,-2.979080864520244,1.6831611175259427
3,8.75,transverse_minus,0.4519992091763805,0.965564174211449,-0.24049342930548712,0.09924079776104837,HY13_SEQ_02,8,28.130734199703312,-3.835022130200091,-0.17837255346351222
3,8.75,transverse_plus,0.357697046653501,0.965564174211449,-0.24049342930548712,0.09924079776104837,HY13_SEQ_02,9,27.742638848997046,-4.1736128826459336,2.7770865142818586
5,9.25,center,0.3017716037696143,0.965564174211449,-0.24049342930548712,0.09924079776104837,HY13_SEQ_02,10,31.6744686114559,1.0274357789242439,2.6409773792896973
5,9.75,longitudinal_minus,0.4287874766568467,0.965564174211449,-0.24049342930548712,0.09924079776104837,HY13_SEQ_02,11,31.818667463568204,-0.5389110789158704,2.480465037135287
5,9.25,longitudinal_plus,0.25399855816312167,0.965564174211449,-0.24049342930548712,0.09924079776104837,HY13_SEQ_02,12,32.01305184644932,2.4735359221116147,2.8511101203246323
5,9.25,transverse_minus,0.37301656054091215,0.965564174211449,-0.24049342930548712,0.09924079776104837,HY13_SEQ_02,13,31.868516286809033,1.1967311551471655,1.163247845417012
5,9.5,transverse_plus,0.3303483186105507,0.965564174211449,-0.24049342930548712,0.09924079776104837,HY13_SEQ_02,14,31.721811979655634,0.7980170453749507,4.143517112602645
7,9.75,center,0.38487940340658966,0.965564174211449,-0.24049342930548712,0.09924079776104837,HY13_SEQ_02,15,33.72925069856163,7.2771890642715,3.8765977781702214
7,10.0,longitudinal_minus,0.4180375844729092,0.965564174211449,-0.24049342930548712,0.09924079776104837,HY13_SEQ_02,16,33.63205850712107,5.770965563757758,3.6912752365755486
7,9.0,longitudinal_plus,0.2509869632238839,0.965564174211449,-0.24049342930548712,0.09924079776104837,HY13_SEQ_02,17,33.343660802896466,8.903659279437987,4.01229992088437
7,10.25,transverse_minus,0.2641618994934669,0.965564174211449,-0.24049342930548712,0.09924079776104837,HY13_SEQ_02,18,34.40608046102049,7.326237725841678,2.4484886431780604
7,9.0,transverse_plus,0.4652412021248189,0.965564174211449,-0.24049342930548712,0.09924079776104837,HY13_SEQ_02,19,32.81102989254991,7.288263760027695,5.27989671372212
8,11.0,center,0.28649477834977377,0.965564174211449,-0.24049342930548712,0.09924079776104837,HY13_SEQ_02,20,35.00820591632594,10.085572277639642,6.193648775371532
8,9.5,longitudinal_minus,0.316143117174124,0.965564174211449,-0.24049342930548712,0.09924079776104837,HY13_SEQ_02,21,33.22127642001534,9.000212278410501,5.834654837695025
8,12.0,longitudinal_plus,0.31117262075961216,0.965564174211449,-0.24049342930548712,0.09924079776104837,HY13_SEQ_02,22,36.31235332553081,11.291178991521525,6.503022314167515
8,11.75,transverse_minus,0.31367868365343643,0.965564174211449,-0.24049342930548712,0.09924079776104837,HY13_SEQ_02,23,35.92642672233766,10.074497581883447,4.790349839819633
8,9.25,transverse_plus,0.3292844085109019,0.965564174211449,-0.24049342930548712,0.09924079776104837,HY13_SEQ_02,24,33.12442093610277,10.337140402701323,7.497706913162383
