pair_id,shortlist_rank,ebv_candidate_id,human_candidate_id,ebv_peptide,human_peptide,ebv_core_start_1_based,human_core_start_1_based,ebv_p1_p9_core,human_p1_p9_core,register_evidence_level,ebv_af3_sample_count,human_af3_sample_count,af3_cross_sample_geometry_count,same_register_positions,same_register_position_count,same_register_identity_count,same_register_identity_fraction,same_register_property_similarity,anchor_positions,anchor_identity_count,anchor_identity_fraction,anchor_property_similarity,candidate_exposed_positions,candidate_exposed_identity_count,candidate_exposed_identity_fraction,candidate_exposed_property_similarity,hla_groove_ca_rmsd_A_median,hla_groove_ca_rmsd_A_min,hla_groove_ca_rmsd_A_max,core_p1_p9_ca_rmsd_A_median,core_p1_p9_ca_rmsd_A_min,core_p1_p9_ca_rmsd_A_max,anchor_ca_rmsd_A_median,anchor_ca_rmsd_A_min,anchor_ca_rmsd_A_max,candidate_exposed_ca_rmsd_A_median,candidate_exposed_ca_rmsd_A_min,candidate_exposed_ca_rmsd_A_max,target_human_binding_rank_bin,planned_matched_background_count,planned_matched_background_ids,completed_matched_background_count,completed_matched_background_ids,sequence_decoy_evaluation_status,sequence_decoy_count,sequence_decoy_ids,sequence_decoy_exposed_property_scores,target_exposed_property_similarity,decoy_exposed_property_similarity_median,target_minus_decoy_median,target_rank_among_target_plus_decoys,p_value,controlled_comparison_status,interpretation
EBV_TCELL_1862913::HUMAN_MYELIN_112319,12,EBV_TCELL_1862913,HUMAN_MYELIN_112319,NILRIYYSPSIMHRYAVVQP,SKIFKLGGRDSRSGSPMARR,3,3,LRIYYSPSI,IFKLGGRDS,computational_unique_IEDB_top_core_hypotheses,5,5,25,P1;P2;P3;P4;P5;P6;P7;P8;P9,9,0,0.0,0.659877,P1;P4;P6;P9,0,0.0,0.795139,P2;P3;P5;P7;P8,0,0.0,0.551667,0.169,0.124,0.351,6.915,1.881,18.399,6.888,2.417,19.959,6.841,1.303,17.048,weak,1,HUMAN_BACKGROUND_119732,0,,evaluable_descriptive_sequence_only,1,HUMAN_BACKGROUND_119732,0.745556,0.551667,0.745556,-0.193889,2,,not_evaluable_no_completed_matched_background,"Predeclared-pair direct P1-P9 pMHC comparison only; no TCR, cross-reactivity, or MS-mechanism inference."
EBV_TCELL_1862913::HUMAN_MYELIN_117032,22,EBV_TCELL_1862913,HUMAN_MYELIN_117032,NILRIYYSPSIMHRYAVVQP,KVCGSNLLSICKTAEFQMTFHLFIAAFVGAAA,3,20,LRIYYSPSI,FHLFIAAFV,computational_unique_IEDB_top_core_hypotheses,5,10,50,P1;P2;P3;P4;P5;P6;P7;P8;P9,9,0,0.0,0.762963,P1;P4;P6;P9,0,0.0,0.850695,P2;P3;P5;P7;P8,0,0.0,0.692778,0.224,0.14,0.41,13.3,3.692,27.841,14.284,3.646,28.096,12.439,3.728,27.635,weak,0,,0,,not_evaluable_no_matched_sequence_decoys,0,,,0.692778,,,,,not_evaluable_no_completed_matched_background,"Predeclared-pair direct P1-P9 pMHC comparison only; no TCR, cross-reactivity, or MS-mechanism inference."
EBV_TCELL_149795::HUMAN_MYELIN_117032,23,EBV_TCELL_149795,HUMAN_MYELIN_117032,LDLDFGQLTPHTKAVYQPRG,KVCGSNLLSICKTAEFQMTFHLFIAAFVGAAA,8,20,LTPHTKAVY,FHLFIAAFV,computational_unique_IEDB_top_core_hypotheses,10,10,100,P1;P2;P3;P4;P5;P6;P7;P8;P9,9,1,0.111111,0.662963,P1;P4;P6;P9,0,0.0,0.561111,P2;P3;P5;P7;P8,1,0.2,0.744444,0.213,0.126,0.389,14.616,0.565,28.233,16.334,0.607,29.277,13.033,0.53,27.372,weak,0,,0,,not_evaluable_no_matched_sequence_decoys,0,,,0.744444,,,,,not_evaluable_no_completed_matched_background,"Predeclared-pair direct P1-P9 pMHC comparison only; no TCR, cross-reactivity, or MS-mechanism inference."
EBV_TCELL_950::HUMAN_MYELIN_112214,24,EBV_TCELL_950,HUMAN_MYELIN_112214,AEGLRALLARSHVER,LSRFSWGAEGQRPGFGYGG,4,6,LRALLARSH,WGAEGQRPG,computational_unique_IEDB_top_core_hypotheses,10,10,100,P1;P2;P3;P4;P5;P6;P7;P8;P9,9,2,0.222222,0.770988,P1;P4;P6;P9,0,0.0,0.641667,P2;P3;P5;P7;P8,2,0.4,0.874445,0.277,0.152,0.413,0.878,0.316,16.065,0.963,0.267,18.107,0.758,0.341,14.238,weak,3,HUMAN_BACKGROUND_115891;HUMAN_BACKGROUND_118550;HUMAN_BACKGROUND_119732,0,,evaluable_descriptive_sequence_only,3,HUMAN_BACKGROUND_115891;HUMAN_BACKGROUND_118550;HUMAN_BACKGROUND_119732,0.638333;0.793889;0.822778,0.874445,0.793889,0.080556,1,,not_evaluable_no_completed_matched_background,"Predeclared-pair direct P1-P9 pMHC comparison only; no TCR, cross-reactivity, or MS-mechanism inference."
EBV_TCELL_149795::HUMAN_MYELIN_40762,26,EBV_TCELL_149795,HUMAN_MYELIN_40762,LDLDFGQLTPHTKAVYQPRG,LYGALLLAEGFYTTGAVRQI,8,5,LTPHTKAVY,LLLAEGFYT,computational_unique_IEDB_top_core_hypotheses,10,5,50,P1;P2;P3;P4;P5;P6;P7;P8;P9,9,1,0.111111,0.648765,P1;P4;P6;P9,1,0.25,0.686805,P2;P3;P5;P7;P8,0,0.0,0.618333,0.179,0.118,0.274,17.996,4.47,27.517,19.253,5.003,27.634,17.347,3.991,27.468,weak,1,HUMAN_BACKGROUND_119732,0,,evaluable_descriptive_sequence_only,1,HUMAN_BACKGROUND_119732,0.895000,0.618333,0.895,-0.276667,2,,not_evaluable_no_completed_matched_background,"Predeclared-pair direct P1-P9 pMHC comparison only; no TCR, cross-reactivity, or MS-mechanism inference."
EBV_TCELL_1862913::HUMAN_MYELIN_112037,27,EBV_TCELL_1862913,HUMAN_MYELIN_112037,NILRIYYSPSIMHRYAVVQP,AQGTLSKIFKLGGRDSRSGSPMARR,3,8,LRIYYSPSI,IFKLGGRDS,computational_unique_IEDB_top_core_hypotheses,5,5,25,P1;P2;P3;P4;P5;P6;P7;P8;P9,9,0,0.0,0.659877,P1;P4;P6;P9,0,0.0,0.795139,P2;P3;P5;P7;P8,0,0.0,0.551667,0.203,0.158,0.303,6.476,2.67,18.921,6.553,3.298,20.434,6.458,2.033,17.617,weak,0,,0,,not_evaluable_no_matched_sequence_decoys,0,,,0.551667,,,,,not_evaluable_no_completed_matched_background,"Predeclared-pair direct P1-P9 pMHC comparison only; no TCR, cross-reactivity, or MS-mechanism inference."
EBV_TCELL_2268741::HUMAN_MYELIN_117032,28,EBV_TCELL_2268741,HUMAN_MYELIN_117032,IMNILRIYYSPSIM,KVCGSNLLSICKTAEFQMTFHLFIAAFVGAAA,5,20,LRIYYSPSI,FHLFIAAFV,computational_unique_IEDB_top_core_hypotheses,10,10,100,P1;P2;P3;P4;P5;P6;P7;P8;P9,9,0,0.0,0.762963,P1;P4;P6;P9,0,0.0,0.850695,P2;P3;P5;P7;P8,0,0.0,0.692778,0.212,0.131,0.42,1.546,0.494,17.931,1.891,0.541,18.144,1.208,0.388,17.931,weak,0,,0,,not_evaluable_no_matched_sequence_decoys,0,,,0.692778,,,,,not_evaluable_no_completed_matched_background,"Predeclared-pair direct P1-P9 pMHC comparison only; no TCR, cross-reactivity, or MS-mechanism inference."
EBV_TCELL_149795::HUMAN_MYELIN_116079,31,EBV_TCELL_149795,HUMAN_MYELIN_116079,LDLDFGQLTPHTKAVYQPRG,ATASTMDHARHGFLPRHRDTGIL,8,6,LTPHTKAVY,MDHARHGFL,computational_unique_IEDB_top_core_hypotheses,10,5,50,P1;P2;P3;P4;P5;P6;P7;P8;P9,9,0,0.0,0.70216,P1;P4;P6;P9,0,0.0,0.693056,P2;P3;P5;P7;P8,0,0.0,0.709445,0.194,0.137,0.272,15.118,2.458,27.933,17.044,2.217,28.014,13.341,2.258,27.911,weak,0,,0,,not_evaluable_no_matched_sequence_decoys,0,,,0.709445,,,,,not_evaluable_no_completed_matched_background,"Predeclared-pair direct P1-P9 pMHC comparison only; no TCR, cross-reactivity, or MS-mechanism inference."
EBV_TCELL_950::HUMAN_MYELIN_114366,32,EBV_TCELL_950,HUMAN_MYELIN_114366,AEGLRALLARSHVER,GKGRGLSLSRFSWGAEGQRP,4,8,LRALLARSH,LSRFSWGAE,computational_unique_IEDB_top_core_hypotheses,10,10,100,P1;P2;P3;P4;P5;P6;P7;P8;P9,9,1,0.111111,0.699692,P1;P4;P6;P9,1,0.25,0.690972,P2;P3;P5;P7;P8,0,0.0,0.706667,0.233,0.171,0.32,5.543,5.097,18.063,5.44,5.142,20.017,5.63,5.06,16.332,weak,1,HUMAN_BACKGROUND_119732,0,,evaluable_descriptive_sequence_only,1,HUMAN_BACKGROUND_119732,0.822778,0.706667,0.822778,-0.116111,2,,not_evaluable_no_completed_matched_background,"Predeclared-pair direct P1-P9 pMHC comparison only; no TCR, cross-reactivity, or MS-mechanism inference."
