arm_id,endpoint,query_scope,query_sequence,target_hla,target_id,target_sequence
HY03_SEQ_01__ebv,mhc_search,exact_peptide,MANYIVRQSRGDRGL,HLA-DRB1*03:01,HY03_SEQ_01,MANYIVRQSRGDRGL
HY03_SEQ_01__ebv,mhc_search,declared_core,IVRQSRGDR,HLA-DRB1*03:01,HY03_SEQ_01,MANYIVRQSRGDRGL
HY03_SEQ_01__ebv,tcell_search,exact_peptide,MANYIVRQSRGDRGL,HLA-DRB1*03:01,HY03_SEQ_01,MANYIVRQSRGDRGL
HY03_SEQ_01__ebv,tcell_search,declared_core,IVRQSRGDR,HLA-DRB1*03:01,HY03_SEQ_01,MANYIVRQSRGDRGL
HY03_SEQ_01__self,mhc_search,exact_peptide,RTELLKDAIGEGK,HLA-DRB1*03:01,HY03_SEQ_01,RTELLKDAIGEGK
HY03_SEQ_01__self,mhc_search,declared_core,LLKDAIGEG,HLA-DRB1*03:01,HY03_SEQ_01,RTELLKDAIGEGK
HY03_SEQ_01__self,tcell_search,exact_peptide,RTELLKDAIGEGK,HLA-DRB1*03:01,HY03_SEQ_01,RTELLKDAIGEGK
HY03_SEQ_01__self,tcell_search,declared_core,LLKDAIGEG,HLA-DRB1*03:01,HY03_SEQ_01,RTELLKDAIGEGK
HY03_SEQ_02__ebv,mhc_search,exact_peptide,LGERVTLTSYWRRVS,HLA-DRB1*03:01,HY03_SEQ_02,LGERVTLTSYWRRVS
HY03_SEQ_02__ebv,mhc_search,declared_core,VTLTSYWRR,HLA-DRB1*03:01,HY03_SEQ_02,LGERVTLTSYWRRVS
HY03_SEQ_02__ebv,tcell_search,exact_peptide,LGERVTLTSYWRRVS,HLA-DRB1*03:01,HY03_SEQ_02,LGERVTLTSYWRRVS
HY03_SEQ_02__ebv,tcell_search,declared_core,VTLTSYWRR,HLA-DRB1*03:01,HY03_SEQ_02,LGERVTLTSYWRRVS
HY03_SEQ_02__self,mhc_search,exact_peptide,MDIAIHHPWIRRPFF,HLA-DRB1*03:01,HY03_SEQ_02,MDIAIHHPWIRRPFF
HY03_SEQ_02__self,mhc_search,declared_core,IAIHHPWIR,HLA-DRB1*03:01,HY03_SEQ_02,MDIAIHHPWIRRPFF
HY03_SEQ_02__self,tcell_search,exact_peptide,MDIAIHHPWIRRPFF,HLA-DRB1*03:01,HY03_SEQ_02,MDIAIHHPWIRRPFF
HY03_SEQ_02__self,tcell_search,declared_core,IAIHHPWIR,HLA-DRB1*03:01,HY03_SEQ_02,MDIAIHHPWIRRPFF
HY08_SEQ_01__ebv,mhc_search,exact_peptide,AEGLRALLARSHVER,HLA-DRB1*08:01,HY08_SEQ_01,AEGLRALLARSHVER
HY08_SEQ_01__ebv,mhc_search,declared_core,LRALLARSH,HLA-DRB1*08:01,HY08_SEQ_01,AEGLRALLARSHVER
HY08_SEQ_01__ebv,tcell_search,exact_peptide,AEGLRALLARSHVER,HLA-DRB1*08:01,HY08_SEQ_01,AEGLRALLARSHVER
HY08_SEQ_01__ebv,tcell_search,declared_core,LRALLARSH,HLA-DRB1*08:01,HY08_SEQ_01,AEGLRALLARSHVER
HY08_SEQ_01__self,mhc_search,exact_peptide,EPVSLEARLSRMHFH,HLA-DRB1*08:01,HY08_SEQ_01,EPVSLEARLSRMHFH
HY08_SEQ_01__self,mhc_search,declared_core,LEARLSRMH,HLA-DRB1*08:01,HY08_SEQ_01,EPVSLEARLSRMHFH
HY08_SEQ_01__self,tcell_search,exact_peptide,EPVSLEARLSRMHFH,HLA-DRB1*08:01,HY08_SEQ_01,EPVSLEARLSRMHFH
HY08_SEQ_01__self,tcell_search,declared_core,LEARLSRMH,HLA-DRB1*08:01,HY08_SEQ_01,EPVSLEARLSRMHFH
HY08_SEQ_02__ebv,mhc_search,exact_peptide,QEPRRVRRRVLVQQE,HLA-DRB1*08:01,HY08_SEQ_02,QEPRRVRRRVLVQQE
HY08_SEQ_02__ebv,mhc_search,declared_core,VRRRVLVQQ,HLA-DRB1*08:01,HY08_SEQ_02,QEPRRVRRRVLVQQE
HY08_SEQ_02__ebv,tcell_search,exact_peptide,QEPRRVRRRVLVQQE,HLA-DRB1*08:01,HY08_SEQ_02,QEPRRVRRRVLVQQE
HY08_SEQ_02__ebv,tcell_search,declared_core,VRRRVLVQQ,HLA-DRB1*08:01,HY08_SEQ_02,QEPRRVRRRVLVQQE
HY08_SEQ_02__self,mhc_search,exact_peptide,MEVGWYRPPFSRVVHLYRNGK,HLA-DRB1*08:01,HY08_SEQ_02,MEVGWYRPPFSRVVHLYRNGK
HY08_SEQ_02__self,mhc_search,declared_core,FSRVVHLYR,HLA-DRB1*08:01,HY08_SEQ_02,MEVGWYRPPFSRVVHLYRNGK
HY08_SEQ_02__self,tcell_search,exact_peptide,MEVGWYRPPFSRVVHLYRNGK,HLA-DRB1*08:01,HY08_SEQ_02,MEVGWYRPPFSRVVHLYRNGK
HY08_SEQ_02__self,tcell_search,declared_core,FSRVVHLYR,HLA-DRB1*08:01,HY08_SEQ_02,MEVGWYRPPFSRVVHLYRNGK
HY13_SEQ_01__ebv,mhc_search,exact_peptide,EFIWMCMTVRHRCQA,HLA-DRB1*13:03,HY13_SEQ_01,EFIWMCMTVRHRCQA
HY13_SEQ_01__ebv,mhc_search,declared_core,WMCMTVRHR,HLA-DRB1*13:03,HY13_SEQ_01,EFIWMCMTVRHRCQA
HY13_SEQ_01__ebv,tcell_search,exact_peptide,EFIWMCMTVRHRCQA,HLA-DRB1*13:03,HY13_SEQ_01,EFIWMCMTVRHRCQA
HY13_SEQ_01__ebv,tcell_search,declared_core,WMCMTVRHR,HLA-DRB1*13:03,HY13_SEQ_01,EFIWMCMTVRHRCQA
HY13_SEQ_01__self,mhc_search,exact_peptide,LVALIICYNWLHRRL,HLA-DRB1*13:03,HY13_SEQ_01,LVALIICYNWLHRRL
HY13_SEQ_01__self,mhc_search,declared_core,IICYNWLHR,HLA-DRB1*13:03,HY13_SEQ_01,LVALIICYNWLHRRL
HY13_SEQ_01__self,tcell_search,exact_peptide,LVALIICYNWLHRRL,HLA-DRB1*13:03,HY13_SEQ_01,LVALIICYNWLHRRL
HY13_SEQ_01__self,tcell_search,declared_core,IICYNWLHR,HLA-DRB1*13:03,HY13_SEQ_01,LVALIICYNWLHRRL
HY13_SEQ_02__ebv,mhc_search,exact_peptide,TGGVYHFVKKHVHES,HLA-DRB1*13:03,HY13_SEQ_02,TGGVYHFVKKHVHES
HY13_SEQ_02__ebv,mhc_search,declared_core,YHFVKKHVH,HLA-DRB1*13:03,HY13_SEQ_02,TGGVYHFVKKHVHES
HY13_SEQ_02__ebv,tcell_search,exact_peptide,TGGVYHFVKKHVHES,HLA-DRB1*13:03,HY13_SEQ_02,TGGVYHFVKKHVHES
HY13_SEQ_02__ebv,tcell_search,declared_core,YHFVKKHVH,HLA-DRB1*13:03,HY13_SEQ_02,TGGVYHFVKKHVHES
HY13_SEQ_02__self,mhc_search,exact_peptide,DARLSFDKDAMVARA,HLA-DRB1*13:03,HY13_SEQ_02,DARLSFDKDAMVARA
HY13_SEQ_02__self,mhc_search,declared_core,LSFDKDAMV,HLA-DRB1*13:03,HY13_SEQ_02,DARLSFDKDAMVARA
HY13_SEQ_02__self,tcell_search,exact_peptide,DARLSFDKDAMVARA,HLA-DRB1*13:03,HY13_SEQ_02,DARLSFDKDAMVARA
HY13_SEQ_02__self,tcell_search,declared_core,LSFDKDAMV,HLA-DRB1*13:03,HY13_SEQ_02,DARLSFDKDAMVARA
HY15_SEQ_01__ebv,mhc_search,exact_peptide,VTNILIYNGWYADS,HLA-DRB1*15:01,HY15_SEQ_01,VTNILIYNGWYADS
HY15_SEQ_01__ebv,mhc_search,declared_core,ILIYNGWYA,HLA-DRB1*15:01,HY15_SEQ_01,VTNILIYNGWYADS
HY15_SEQ_01__ebv,tcell_search,exact_peptide,VTNILIYNGWYADS,HLA-DRB1*15:01,HY15_SEQ_01,VTNILIYNGWYADS
HY15_SEQ_01__ebv,tcell_search,declared_core,ILIYNGWYA,HLA-DRB1*15:01,HY15_SEQ_01,VTNILIYNGWYADS
HY15_SEQ_01__self,mhc_search,exact_peptide,MDIAIHHPWIRRPFF,HLA-DRB1*15:01,HY15_SEQ_01,MDIAIHHPWIRRPFF
HY15_SEQ_01__self,mhc_search,declared_core,IAIHHPWIR,HLA-DRB1*15:01,HY15_SEQ_01,MDIAIHHPWIRRPFF
HY15_SEQ_01__self,tcell_search,exact_peptide,MDIAIHHPWIRRPFF,HLA-DRB1*15:01,HY15_SEQ_01,MDIAIHHPWIRRPFF
HY15_SEQ_01__self,tcell_search,declared_core,IAIHHPWIR,HLA-DRB1*15:01,HY15_SEQ_01,MDIAIHHPWIRRPFF
HY15_SEQ_02__ebv,mhc_search,exact_peptide,TGGVYHFVKKHVHES,HLA-DRB1*15:01,HY15_SEQ_02,TGGVYHFVKKHVHES
HY15_SEQ_02__ebv,mhc_search,declared_core,VYHFVKKHV,HLA-DRB1*15:01,HY15_SEQ_02,TGGVYHFVKKHVHES
HY15_SEQ_02__ebv,tcell_search,exact_peptide,TGGVYHFVKKHVHES,HLA-DRB1*15:01,HY15_SEQ_02,TGGVYHFVKKHVHES
HY15_SEQ_02__ebv,tcell_search,declared_core,VYHFVKKHV,HLA-DRB1*15:01,HY15_SEQ_02,TGGVYHFVKKHVHES
HY15_SEQ_02__self,mhc_search,exact_peptide,SVTKIYNYYKKFSYK,HLA-DRB1*15:01,HY15_SEQ_02,SVTKIYNYYKKFSYK
HY15_SEQ_02__self,mhc_search,declared_core,IYNYYKKFS,HLA-DRB1*15:01,HY15_SEQ_02,SVTKIYNYYKKFSYK
HY15_SEQ_02__self,tcell_search,exact_peptide,SVTKIYNYYKKFSYK,HLA-DRB1*15:01,HY15_SEQ_02,SVTKIYNYYKKFSYK
HY15_SEQ_02__self,tcell_search,declared_core,IYNYYKKFS,HLA-DRB1*15:01,HY15_SEQ_02,SVTKIYNYYKKFSYK
