seed_job	condition	reference	CA_atoms	pMHC_CA_RMSD_A	best_ranking_score	best_iptm
PMHC_MBP_DRB1_S101	PMHC_MBP_DRB1	1YMM	374	20.985	0.930	0.880
PMHC_MBP_DRB1_S202	PMHC_MBP_DRB1	1YMM	374	29.971	0.940	0.890
PMHC_MBP_DRB1_S303	PMHC_MBP_DRB1	1YMM	374	7.388	0.930	0.890
PMHC_MBP_DRB1_S404	PMHC_MBP_DRB1	1YMM	374	33.542	0.930	0.900
PMHC_MBP_DRB1_S505	PMHC_MBP_DRB1	1YMM	374	15.286	0.940	0.890
PMHC_MBP_DRB5_S101	PMHC_MBP_DRB5	1ZGL	366	36.791	0.960	0.930
PMHC_MBP_DRB5_S202	PMHC_MBP_DRB5	1ZGL	366	11.983	0.960	0.940
PMHC_MBP_DRB5_S303	PMHC_MBP_DRB5	1ZGL	366	25.765	0.960	0.930
PMHC_MBP_DRB5_S404	PMHC_MBP_DRB5	1ZGL	366	26.643	0.950	0.930
PMHC_MBP_DRB5_S505	PMHC_MBP_DRB5	1ZGL	366	17.976	0.960	0.940
PMHC_ENGA_2WBJ_S101	PMHC_ENGA_2WBJ	2WBJ	371	10.578	0.930	0.880
PMHC_ENGA_2WBJ_S202	PMHC_ENGA_2WBJ	2WBJ	371	19.769	0.930	0.880
PMHC_ENGA_2WBJ_S303	PMHC_ENGA_2WBJ	2WBJ	371	31.835	0.940	0.870
PMHC_ENGA_2WBJ_S404	PMHC_ENGA_2WBJ	2WBJ	371	22.680	0.940	0.880
PMHC_ENGA_2WBJ_S505	PMHC_ENGA_2WBJ	2WBJ	371	40.839	0.940	0.880
