fit_rmsd_A,matched_backbone_atom_count,matched_groove_residue_count,model_key,reference_core_distance_cutoff_A
2.3093358571945335e-15,364,91,pdb|HY2E11_BALF5,12.0
0.6028622882742335,364,91,pdb|HY2E11_MBP,12.0
0.5652596866591371,364,91,pdb|OB1A12_ENGA,12.0
0.7817032819080839,364,91,pdb|OB1A12_MBP,12.0
1.0892979656310431e-14,416,104,pdb|HY1B11_UL15,12.0
0.3907282936256559,416,104,pdb|HY1B11_PMM,12.0
0.6996699713162744,416,104,pdb|HY1B11_MBP,12.0
0.5646335018287943,364,91,pdb|PDB_DRB5_MBP_ALT_1FV1,12.0
0.5760372832883672,364,91,pdb|PDB_DR15_ALPHA3_5V4M,12.0
0.6672395469240615,364,91,pdb|PDB_DR15_GDP_6CPO,12.0
0.5545546985395441,364,91,af|271828|V2PMHC_059a1481886fcb83|m0,12.0
0.5621952106815813,364,91,af|271828|V2PMHC_059a1481886fcb83|m1,12.0
0.548532001054529,364,91,af|271828|V2PMHC_059a1481886fcb83|m2,12.0
0.5213689043635499,364,91,af|271828|V2PMHC_059a1481886fcb83|m3,12.0
0.5670222404593427,364,91,af|271828|V2PMHC_059a1481886fcb83|m4,12.0
0.5500871918725553,364,91,af|314159|V2PMHC_059a1481886fcb83|m0,12.0
0.5308671388589881,364,91,af|314159|V2PMHC_059a1481886fcb83|m1,12.0
0.5504050449880838,364,91,af|314159|V2PMHC_059a1481886fcb83|m2,12.0
0.6067706492594583,364,91,af|314159|V2PMHC_059a1481886fcb83|m3,12.0
0.537800954881493,364,91,af|314159|V2PMHC_059a1481886fcb83|m4,12.0
0.5886023144925834,364,91,af|271828|V2PMHC_09f27211b3e8bfb0|m0,12.0
0.6461803145079228,364,91,af|271828|V2PMHC_09f27211b3e8bfb0|m1,12.0
0.682878535046391,364,91,af|271828|V2PMHC_09f27211b3e8bfb0|m2,12.0
0.7183456421972353,364,91,af|271828|V2PMHC_09f27211b3e8bfb0|m3,12.0
0.7059616347777198,364,91,af|271828|V2PMHC_09f27211b3e8bfb0|m4,12.0
0.748040226055212,364,91,af|314159|V2PMHC_09f27211b3e8bfb0|m0,12.0
0.7282995344057004,364,91,af|314159|V2PMHC_09f27211b3e8bfb0|m1,12.0
0.7872635606524259,364,91,af|314159|V2PMHC_09f27211b3e8bfb0|m2,12.0
0.7346405379600337,364,91,af|314159|V2PMHC_09f27211b3e8bfb0|m3,12.0
0.747425617762305,364,91,af|314159|V2PMHC_09f27211b3e8bfb0|m4,12.0
0.638745948455551,364,91,af|271828|V2PMHC_0c99052ea98ebd84|m0,12.0
0.6008083928579626,364,91,af|271828|V2PMHC_0c99052ea98ebd84|m1,12.0
0.6689527078014524,364,91,af|271828|V2PMHC_0c99052ea98ebd84|m2,12.0
0.6874825726538184,364,91,af|271828|V2PMHC_0c99052ea98ebd84|m3,12.0
0.642039973905892,364,91,af|271828|V2PMHC_0c99052ea98ebd84|m4,12.0
0.6612481198706487,364,91,af|314159|V2PMHC_0c99052ea98ebd84|m0,12.0
0.7023258857278754,364,91,af|314159|V2PMHC_0c99052ea98ebd84|m1,12.0
0.6744893432908846,364,91,af|314159|V2PMHC_0c99052ea98ebd84|m2,12.0
0.7340076193231759,364,91,af|314159|V2PMHC_0c99052ea98ebd84|m3,12.0
0.6690512601030235,364,91,af|314159|V2PMHC_0c99052ea98ebd84|m4,12.0
0.6905117240769653,364,91,af|271828|V2PMHC_124e901945f0164d|m0,12.0
0.6332928192844307,364,91,af|271828|V2PMHC_124e901945f0164d|m1,12.0
0.6654886062806868,364,91,af|271828|V2PMHC_124e901945f0164d|m2,12.0
0.7271971306173848,364,91,af|271828|V2PMHC_124e901945f0164d|m3,12.0
0.7345158777819156,364,91,af|271828|V2PMHC_124e901945f0164d|m4,12.0
0.7154602405337138,364,91,af|314159|V2PMHC_124e901945f0164d|m0,12.0
0.7190751360230491,364,91,af|314159|V2PMHC_124e901945f0164d|m1,12.0
0.7290811949024465,364,91,af|314159|V2PMHC_124e901945f0164d|m2,12.0
0.6679356385573739,364,91,af|314159|V2PMHC_124e901945f0164d|m3,12.0
0.7257050138933192,364,91,af|314159|V2PMHC_124e901945f0164d|m4,12.0
0.7194586280422864,364,91,af|271828|V2PMHC_22a556e2d6178849|m0,12.0
0.6554808179975338,364,91,af|271828|V2PMHC_22a556e2d6178849|m1,12.0
0.7455508480161194,364,91,af|271828|V2PMHC_22a556e2d6178849|m2,12.0
0.7195532398755484,364,91,af|271828|V2PMHC_22a556e2d6178849|m3,12.0
0.6965762706683878,364,91,af|271828|V2PMHC_22a556e2d6178849|m4,12.0
0.6578566728342417,364,91,af|314159|V2PMHC_22a556e2d6178849|m0,12.0
0.7691791618849583,364,91,af|314159|V2PMHC_22a556e2d6178849|m1,12.0
0.677739881254151,364,91,af|314159|V2PMHC_22a556e2d6178849|m2,12.0
0.6524152567607833,364,91,af|314159|V2PMHC_22a556e2d6178849|m3,12.0
0.7311075050934007,364,91,af|314159|V2PMHC_22a556e2d6178849|m4,12.0
0.5115735138272307,364,91,af|271828|V2PMHC_2a45cfb5882821d2|m0,12.0
0.4909718128388731,364,91,af|271828|V2PMHC_2a45cfb5882821d2|m1,12.0
0.4536542328686961,364,91,af|271828|V2PMHC_2a45cfb5882821d2|m2,12.0
0.47668288300963224,364,91,af|271828|V2PMHC_2a45cfb5882821d2|m3,12.0
0.5045453926200671,364,91,af|271828|V2PMHC_2a45cfb5882821d2|m4,12.0
0.5160626176792156,364,91,af|314159|V2PMHC_2a45cfb5882821d2|m0,12.0
0.5437023946228737,364,91,af|314159|V2PMHC_2a45cfb5882821d2|m1,12.0
0.48209454045604433,364,91,af|314159|V2PMHC_2a45cfb5882821d2|m2,12.0
0.4835883286032739,364,91,af|314159|V2PMHC_2a45cfb5882821d2|m3,12.0
0.5976785535537819,364,91,af|314159|V2PMHC_2a45cfb5882821d2|m4,12.0
0.4933739235252896,416,104,af|271828|V2PMHC_32819024c05f813a|m0,12.0
0.4713486536031529,416,104,af|271828|V2PMHC_32819024c05f813a|m1,12.0
0.45546386314797327,416,104,af|271828|V2PMHC_32819024c05f813a|m2,12.0
0.45075044245302087,416,104,af|271828|V2PMHC_32819024c05f813a|m3,12.0
0.4804624487492315,416,104,af|271828|V2PMHC_32819024c05f813a|m4,12.0
0.4754638374839677,416,104,af|314159|V2PMHC_32819024c05f813a|m0,12.0
0.48406624361079104,416,104,af|314159|V2PMHC_32819024c05f813a|m1,12.0
0.47060482231054707,416,104,af|314159|V2PMHC_32819024c05f813a|m2,12.0
0.47225311728977026,416,104,af|314159|V2PMHC_32819024c05f813a|m3,12.0
0.47284153773597665,416,104,af|314159|V2PMHC_32819024c05f813a|m4,12.0
0.4126990669170833,416,104,af|271828|V2PMHC_359f1f74d76d2644|m0,12.0
0.40416768202481823,416,104,af|271828|V2PMHC_359f1f74d76d2644|m1,12.0
0.41090778108721,416,104,af|271828|V2PMHC_359f1f74d76d2644|m2,12.0
0.3518502761354505,416,104,af|271828|V2PMHC_359f1f74d76d2644|m3,12.0
0.37791849386551746,416,104,af|271828|V2PMHC_359f1f74d76d2644|m4,12.0
0.3873209840601426,416,104,af|314159|V2PMHC_359f1f74d76d2644|m0,12.0
0.39752139178724266,416,104,af|314159|V2PMHC_359f1f74d76d2644|m1,12.0
0.4060767220289132,416,104,af|314159|V2PMHC_359f1f74d76d2644|m2,12.0
0.45555561547760065,416,104,af|314159|V2PMHC_359f1f74d76d2644|m3,12.0
0.3791441286797175,416,104,af|314159|V2PMHC_359f1f74d76d2644|m4,12.0
0.4445463829613865,416,104,af|271828|V2PMHC_368ebdaaab5ce03f|m0,12.0
0.41994155117734316,416,104,af|271828|V2PMHC_368ebdaaab5ce03f|m1,12.0
0.41493085962299786,416,104,af|271828|V2PMHC_368ebdaaab5ce03f|m2,12.0
0.3934867968726118,416,104,af|271828|V2PMHC_368ebdaaab5ce03f|m3,12.0
0.42768398835089966,416,104,af|271828|V2PMHC_368ebdaaab5ce03f|m4,12.0
0.5852328768052323,416,104,af|314159|V2PMHC_368ebdaaab5ce03f|m0,12.0
0.5643477007265209,416,104,af|314159|V2PMHC_368ebdaaab5ce03f|m1,12.0
0.5770292858455771,416,104,af|314159|V2PMHC_368ebdaaab5ce03f|m2,12.0
0.5331994190835524,416,104,af|314159|V2PMHC_368ebdaaab5ce03f|m3,12.0
0.49013389882746355,416,104,af|314159|V2PMHC_368ebdaaab5ce03f|m4,12.0
0.4564628077847293,416,104,af|271828|V2PMHC_3f942ba88c8f100c|m0,12.0
0.41699734034186026,416,104,af|271828|V2PMHC_3f942ba88c8f100c|m1,12.0
0.4115507874591896,416,104,af|271828|V2PMHC_3f942ba88c8f100c|m2,12.0
0.3994199852350188,416,104,af|271828|V2PMHC_3f942ba88c8f100c|m3,12.0
0.4224137495175089,416,104,af|271828|V2PMHC_3f942ba88c8f100c|m4,12.0
0.48048393713280174,416,104,af|314159|V2PMHC_3f942ba88c8f100c|m0,12.0
0.4246086766565994,416,104,af|314159|V2PMHC_3f942ba88c8f100c|m1,12.0
0.4647989316493827,416,104,af|314159|V2PMHC_3f942ba88c8f100c|m2,12.0
0.44395140843841996,416,104,af|314159|V2PMHC_3f942ba88c8f100c|m3,12.0
0.4141267659420709,416,104,af|314159|V2PMHC_3f942ba88c8f100c|m4,12.0
0.46766596090971524,416,104,af|271828|V2PMHC_4ac3a4f6915c6008|m0,12.0
0.4417265107719559,416,104,af|271828|V2PMHC_4ac3a4f6915c6008|m1,12.0
0.44521973022494643,416,104,af|271828|V2PMHC_4ac3a4f6915c6008|m2,12.0
0.417571107314233,416,104,af|271828|V2PMHC_4ac3a4f6915c6008|m3,12.0
0.43088014975749356,416,104,af|271828|V2PMHC_4ac3a4f6915c6008|m4,12.0
0.44640117779891675,416,104,af|314159|V2PMHC_4ac3a4f6915c6008|m0,12.0
0.5364395179525396,416,104,af|314159|V2PMHC_4ac3a4f6915c6008|m1,12.0
0.4632483781470371,416,104,af|314159|V2PMHC_4ac3a4f6915c6008|m2,12.0
0.4478393916952993,416,104,af|314159|V2PMHC_4ac3a4f6915c6008|m3,12.0
0.4554991567021957,416,104,af|314159|V2PMHC_4ac3a4f6915c6008|m4,12.0
0.5456497123334878,364,91,af|271828|V2PMHC_51e2e413b5fb64d1|m0,12.0
0.6087215951899638,364,91,af|271828|V2PMHC_51e2e413b5fb64d1|m1,12.0
0.5715494197256614,364,91,af|271828|V2PMHC_51e2e413b5fb64d1|m2,12.0
0.5410856742953041,364,91,af|271828|V2PMHC_51e2e413b5fb64d1|m3,12.0
0.59663884450345,364,91,af|271828|V2PMHC_51e2e413b5fb64d1|m4,12.0
0.5577935798943986,364,91,af|314159|V2PMHC_51e2e413b5fb64d1|m0,12.0
0.6540629097139188,364,91,af|314159|V2PMHC_51e2e413b5fb64d1|m1,12.0
0.5559940822638682,364,91,af|314159|V2PMHC_51e2e413b5fb64d1|m2,12.0
0.5651373577944546,364,91,af|314159|V2PMHC_51e2e413b5fb64d1|m3,12.0
0.5456279837125984,364,91,af|314159|V2PMHC_51e2e413b5fb64d1|m4,12.0
0.6375455710190462,364,91,af|271828|V2PMHC_645c4f4577622a82|m0,12.0
0.6107016762053376,364,91,af|271828|V2PMHC_645c4f4577622a82|m1,12.0
0.6350629324074464,364,91,af|271828|V2PMHC_645c4f4577622a82|m2,12.0
0.6423341047811063,364,91,af|271828|V2PMHC_645c4f4577622a82|m3,12.0
0.650495546669577,364,91,af|271828|V2PMHC_645c4f4577622a82|m4,12.0
0.621646718924771,364,91,af|314159|V2PMHC_645c4f4577622a82|m0,12.0
0.6327699048346255,364,91,af|314159|V2PMHC_645c4f4577622a82|m1,12.0
0.6719290998298049,364,91,af|314159|V2PMHC_645c4f4577622a82|m2,12.0
0.6601488207545457,364,91,af|314159|V2PMHC_645c4f4577622a82|m3,12.0
0.6279494934044018,364,91,af|314159|V2PMHC_645c4f4577622a82|m4,12.0
0.466114107738403,416,104,af|271828|V2PMHC_676127377944674e|m0,12.0
0.4362409904846759,416,104,af|271828|V2PMHC_676127377944674e|m1,12.0
0.44538752346915245,416,104,af|271828|V2PMHC_676127377944674e|m2,12.0
0.46428408475851785,416,104,af|271828|V2PMHC_676127377944674e|m3,12.0
0.3977302991834418,416,104,af|271828|V2PMHC_676127377944674e|m4,12.0
0.456694967077615,416,104,af|314159|V2PMHC_676127377944674e|m0,12.0
0.4367736925314202,416,104,af|314159|V2PMHC_676127377944674e|m1,12.0
0.47383105743451986,416,104,af|314159|V2PMHC_676127377944674e|m2,12.0
0.47374017005488994,416,104,af|314159|V2PMHC_676127377944674e|m3,12.0
0.4442766231401246,416,104,af|314159|V2PMHC_676127377944674e|m4,12.0
0.5913774436340161,364,91,af|271828|V2PMHC_6994aa7cfa54a87a|m0,12.0
0.5977994450597907,364,91,af|271828|V2PMHC_6994aa7cfa54a87a|m1,12.0
0.5764542463833272,364,91,af|271828|V2PMHC_6994aa7cfa54a87a|m2,12.0
0.5302280427442017,364,91,af|271828|V2PMHC_6994aa7cfa54a87a|m3,12.0
0.5851278281110237,364,91,af|271828|V2PMHC_6994aa7cfa54a87a|m4,12.0
0.5009499794084709,364,91,af|314159|V2PMHC_6994aa7cfa54a87a|m0,12.0
0.5998137072751976,364,91,af|314159|V2PMHC_6994aa7cfa54a87a|m1,12.0
0.5710780060928727,364,91,af|314159|V2PMHC_6994aa7cfa54a87a|m2,12.0
0.565477399856227,364,91,af|314159|V2PMHC_6994aa7cfa54a87a|m3,12.0
0.6403019629726293,364,91,af|314159|V2PMHC_6994aa7cfa54a87a|m4,12.0
0.6809854900095104,416,104,af|271828|V2PMHC_72450eddcda12fef|m0,12.0
0.6788417822428948,416,104,af|271828|V2PMHC_72450eddcda12fef|m1,12.0
0.6814467813905133,416,104,af|271828|V2PMHC_72450eddcda12fef|m2,12.0
0.6458535377640738,416,104,af|271828|V2PMHC_72450eddcda12fef|m3,12.0
0.6135217762028109,416,104,af|271828|V2PMHC_72450eddcda12fef|m4,12.0
0.4231407080691057,416,104,af|314159|V2PMHC_72450eddcda12fef|m0,12.0
0.4403599342321513,416,104,af|314159|V2PMHC_72450eddcda12fef|m1,12.0
0.39460071103132316,416,104,af|314159|V2PMHC_72450eddcda12fef|m2,12.0
0.38293580177170594,416,104,af|314159|V2PMHC_72450eddcda12fef|m3,12.0
0.637323352609583,416,104,af|314159|V2PMHC_72450eddcda12fef|m4,12.0
0.49859309469046537,416,104,af|271828|V2PMHC_78fe769be3f606f3|m0,12.0
0.626785675106648,416,104,af|271828|V2PMHC_78fe769be3f606f3|m1,12.0
0.4711954408330656,416,104,af|271828|V2PMHC_78fe769be3f606f3|m2,12.0
0.5136016845267571,416,104,af|271828|V2PMHC_78fe769be3f606f3|m3,12.0
0.4681365482333396,416,104,af|271828|V2PMHC_78fe769be3f606f3|m4,12.0
0.39598314924013484,416,104,af|314159|V2PMHC_78fe769be3f606f3|m0,12.0
0.4036689900131425,416,104,af|314159|V2PMHC_78fe769be3f606f3|m1,12.0
0.42085226345354476,416,104,af|314159|V2PMHC_78fe769be3f606f3|m2,12.0
0.40924226982664696,416,104,af|314159|V2PMHC_78fe769be3f606f3|m3,12.0
0.39423195950208545,416,104,af|314159|V2PMHC_78fe769be3f606f3|m4,12.0
0.4532776056615633,416,104,af|271828|V2PMHC_7db17c44e740d443|m0,12.0
0.497157593450158,416,104,af|271828|V2PMHC_7db17c44e740d443|m1,12.0
0.43187397381515835,416,104,af|271828|V2PMHC_7db17c44e740d443|m2,12.0
0.4323833953032246,416,104,af|271828|V2PMHC_7db17c44e740d443|m3,12.0
0.42649752476086755,416,104,af|271828|V2PMHC_7db17c44e740d443|m4,12.0
0.4493657482837732,416,104,af|314159|V2PMHC_7db17c44e740d443|m0,12.0
0.43137095067636,416,104,af|314159|V2PMHC_7db17c44e740d443|m1,12.0
0.45963055218362814,416,104,af|314159|V2PMHC_7db17c44e740d443|m2,12.0
0.4671783051090045,416,104,af|314159|V2PMHC_7db17c44e740d443|m3,12.0
0.4428763475220261,416,104,af|314159|V2PMHC_7db17c44e740d443|m4,12.0
0.477861420656224,364,91,af|271828|V2PMHC_805576114a6e7df7|m0,12.0
0.4786625543850227,364,91,af|271828|V2PMHC_805576114a6e7df7|m1,12.0
0.42725676623934467,364,91,af|271828|V2PMHC_805576114a6e7df7|m2,12.0
0.48849790160799333,364,91,af|271828|V2PMHC_805576114a6e7df7|m3,12.0
0.4929478291505828,364,91,af|271828|V2PMHC_805576114a6e7df7|m4,12.0
0.46834663968783946,364,91,af|314159|V2PMHC_805576114a6e7df7|m0,12.0
0.45291016660935124,364,91,af|314159|V2PMHC_805576114a6e7df7|m1,12.0
0.49802707578164745,364,91,af|314159|V2PMHC_805576114a6e7df7|m2,12.0
0.5381626151398923,364,91,af|314159|V2PMHC_805576114a6e7df7|m3,12.0
0.4672266423671903,364,91,af|314159|V2PMHC_805576114a6e7df7|m4,12.0
0.7651789560290532,364,91,af|271828|V2PMHC_8237840b8e248746|m0,12.0
0.7513044965007972,364,91,af|271828|V2PMHC_8237840b8e248746|m1,12.0
0.7323048213967537,364,91,af|271828|V2PMHC_8237840b8e248746|m2,12.0
0.712946571222066,364,91,af|271828|V2PMHC_8237840b8e248746|m3,12.0
0.7733006332695779,364,91,af|271828|V2PMHC_8237840b8e248746|m4,12.0
0.7756574575416196,364,91,af|314159|V2PMHC_8237840b8e248746|m0,12.0
0.805767635234583,364,91,af|314159|V2PMHC_8237840b8e248746|m1,12.0
0.7613582755713076,364,91,af|314159|V2PMHC_8237840b8e248746|m2,12.0
0.7724440937992822,364,91,af|314159|V2PMHC_8237840b8e248746|m3,12.0
0.7731037222555105,364,91,af|314159|V2PMHC_8237840b8e248746|m4,12.0
0.43203693858950115,416,104,af|271828|V2PMHC_8fc08fae0f1ffde1|m0,12.0
0.38917431370418537,416,104,af|271828|V2PMHC_8fc08fae0f1ffde1|m1,12.0
0.41191929269027894,416,104,af|271828|V2PMHC_8fc08fae0f1ffde1|m2,12.0
0.39644534679081017,416,104,af|271828|V2PMHC_8fc08fae0f1ffde1|m3,12.0
0.39568576306220465,416,104,af|271828|V2PMHC_8fc08fae0f1ffde1|m4,12.0
0.4442693077370582,416,104,af|314159|V2PMHC_8fc08fae0f1ffde1|m0,12.0
0.42070744323545,416,104,af|314159|V2PMHC_8fc08fae0f1ffde1|m1,12.0
0.42503226866671906,416,104,af|314159|V2PMHC_8fc08fae0f1ffde1|m2,12.0
0.41985276146443196,416,104,af|314159|V2PMHC_8fc08fae0f1ffde1|m3,12.0
0.41635038290301674,416,104,af|314159|V2PMHC_8fc08fae0f1ffde1|m4,12.0
0.542691522918659,416,104,af|271828|V2PMHC_9752d8e24d9b0da8|m0,12.0
0.5002728398045532,416,104,af|271828|V2PMHC_9752d8e24d9b0da8|m1,12.0
0.5228646827455399,416,104,af|271828|V2PMHC_9752d8e24d9b0da8|m2,12.0
0.48142266581930987,416,104,af|271828|V2PMHC_9752d8e24d9b0da8|m3,12.0
0.525203375137471,416,104,af|271828|V2PMHC_9752d8e24d9b0da8|m4,12.0
0.5493996710746079,416,104,af|314159|V2PMHC_9752d8e24d9b0da8|m0,12.0
0.5239658299590378,416,104,af|314159|V2PMHC_9752d8e24d9b0da8|m1,12.0
0.5246108697120477,416,104,af|314159|V2PMHC_9752d8e24d9b0da8|m2,12.0
0.5417825547822291,416,104,af|314159|V2PMHC_9752d8e24d9b0da8|m3,12.0
0.5256117616184531,416,104,af|314159|V2PMHC_9752d8e24d9b0da8|m4,12.0
0.3718832965625255,416,104,af|271828|V2PMHC_9894a39c837e8dff|m0,12.0
0.3563047831406387,416,104,af|271828|V2PMHC_9894a39c837e8dff|m1,12.0
0.37241264482949693,416,104,af|271828|V2PMHC_9894a39c837e8dff|m2,12.0
0.36346856899664437,416,104,af|271828|V2PMHC_9894a39c837e8dff|m3,12.0
0.3802587916026664,416,104,af|271828|V2PMHC_9894a39c837e8dff|m4,12.0
0.3955441411560148,416,104,af|314159|V2PMHC_9894a39c837e8dff|m0,12.0
0.38126893523460703,416,104,af|314159|V2PMHC_9894a39c837e8dff|m1,12.0
0.37417506316923016,416,104,af|314159|V2PMHC_9894a39c837e8dff|m2,12.0
0.3777290977589867,416,104,af|314159|V2PMHC_9894a39c837e8dff|m3,12.0
0.3657179964802429,416,104,af|314159|V2PMHC_9894a39c837e8dff|m4,12.0
0.4435285530393168,416,104,af|271828|V2PMHC_a9689c9b7442faad|m0,12.0
0.4218047083692493,416,104,af|271828|V2PMHC_a9689c9b7442faad|m1,12.0
0.4226794298580259,416,104,af|271828|V2PMHC_a9689c9b7442faad|m2,12.0
0.40217285423027543,416,104,af|271828|V2PMHC_a9689c9b7442faad|m3,12.0
0.4391920885894061,416,104,af|271828|V2PMHC_a9689c9b7442faad|m4,12.0
0.4391370895144036,416,104,af|314159|V2PMHC_a9689c9b7442faad|m0,12.0
0.45533609578628337,416,104,af|314159|V2PMHC_a9689c9b7442faad|m1,12.0
0.4361197593887422,416,104,af|314159|V2PMHC_a9689c9b7442faad|m2,12.0
0.4322630724104807,416,104,af|314159|V2PMHC_a9689c9b7442faad|m3,12.0
0.42723716365493114,416,104,af|314159|V2PMHC_a9689c9b7442faad|m4,12.0
0.6250764683893171,364,91,af|271828|V2PMHC_aca4d95566b71e51|m0,12.0
0.6099404648935105,364,91,af|271828|V2PMHC_aca4d95566b71e51|m1,12.0
0.668316189654981,364,91,af|271828|V2PMHC_aca4d95566b71e51|m2,12.0
0.6636296260935773,364,91,af|271828|V2PMHC_aca4d95566b71e51|m3,12.0
0.6824975145457429,364,91,af|271828|V2PMHC_aca4d95566b71e51|m4,12.0
0.6386450438702574,364,91,af|314159|V2PMHC_aca4d95566b71e51|m0,12.0
0.6814454496537112,364,91,af|314159|V2PMHC_aca4d95566b71e51|m1,12.0
0.6297283518637532,364,91,af|314159|V2PMHC_aca4d95566b71e51|m2,12.0
0.637377384113579,364,91,af|314159|V2PMHC_aca4d95566b71e51|m3,12.0
0.7023244234821316,364,91,af|314159|V2PMHC_aca4d95566b71e51|m4,12.0
0.6493107568930516,416,104,af|271828|V2PMHC_b9515727297f20be|m0,12.0
0.6668064275600889,416,104,af|271828|V2PMHC_b9515727297f20be|m1,12.0
0.6523666489798134,416,104,af|271828|V2PMHC_b9515727297f20be|m2,12.0
0.6434716032153005,416,104,af|271828|V2PMHC_b9515727297f20be|m3,12.0
0.6196727747988611,416,104,af|271828|V2PMHC_b9515727297f20be|m4,12.0
0.39142601894515283,416,104,af|314159|V2PMHC_b9515727297f20be|m0,12.0
0.6173129518252518,416,104,af|314159|V2PMHC_b9515727297f20be|m1,12.0
0.6128130093013859,416,104,af|314159|V2PMHC_b9515727297f20be|m2,12.0
0.6228713964660559,416,104,af|314159|V2PMHC_b9515727297f20be|m3,12.0
0.4367041530122616,416,104,af|314159|V2PMHC_b9515727297f20be|m4,12.0
0.6171243835458786,364,91,af|271828|V2PMHC_ba30260fa79864f0|m0,12.0
0.6593188662009671,364,91,af|271828|V2PMHC_ba30260fa79864f0|m1,12.0
0.6053461985605136,364,91,af|271828|V2PMHC_ba30260fa79864f0|m2,12.0
0.6447205259992779,364,91,af|271828|V2PMHC_ba30260fa79864f0|m3,12.0
0.6469879626661955,364,91,af|271828|V2PMHC_ba30260fa79864f0|m4,12.0
0.631635563341369,364,91,af|314159|V2PMHC_ba30260fa79864f0|m0,12.0
0.6292377216605626,364,91,af|314159|V2PMHC_ba30260fa79864f0|m1,12.0
0.6565330826031522,364,91,af|314159|V2PMHC_ba30260fa79864f0|m2,12.0
0.634714047875164,364,91,af|314159|V2PMHC_ba30260fa79864f0|m3,12.0
0.6852830618795079,364,91,af|314159|V2PMHC_ba30260fa79864f0|m4,12.0
0.5496624083907719,364,91,af|271828|V2PMHC_bd512a4ef37be178|m0,12.0
0.5926296451527907,364,91,af|271828|V2PMHC_bd512a4ef37be178|m1,12.0
0.5429648514962107,364,91,af|271828|V2PMHC_bd512a4ef37be178|m2,12.0
0.4986099475744476,364,91,af|271828|V2PMHC_bd512a4ef37be178|m3,12.0
0.5291382596637599,364,91,af|271828|V2PMHC_bd512a4ef37be178|m4,12.0
0.48559480176530645,364,91,af|314159|V2PMHC_bd512a4ef37be178|m0,12.0
0.5340289083126198,364,91,af|314159|V2PMHC_bd512a4ef37be178|m1,12.0
0.5603708161025049,364,91,af|314159|V2PMHC_bd512a4ef37be178|m2,12.0
0.739302613495136,364,91,af|314159|V2PMHC_bd512a4ef37be178|m3,12.0
0.5605381053374205,364,91,af|314159|V2PMHC_bd512a4ef37be178|m4,12.0
0.7171110568862675,364,91,af|271828|V2PMHC_bd85682692a22c86|m0,12.0
0.6903237161087987,364,91,af|271828|V2PMHC_bd85682692a22c86|m1,12.0
0.7171036863297889,364,91,af|271828|V2PMHC_bd85682692a22c86|m2,12.0
0.6968266689457415,364,91,af|271828|V2PMHC_bd85682692a22c86|m3,12.0
0.7383599331397027,364,91,af|271828|V2PMHC_bd85682692a22c86|m4,12.0
0.7124188157961108,364,91,af|314159|V2PMHC_bd85682692a22c86|m0,12.0
0.7211460255382696,364,91,af|314159|V2PMHC_bd85682692a22c86|m1,12.0
0.7231980134916925,364,91,af|314159|V2PMHC_bd85682692a22c86|m2,12.0
0.7543976607402532,364,91,af|314159|V2PMHC_bd85682692a22c86|m3,12.0
0.7169476532056024,364,91,af|314159|V2PMHC_bd85682692a22c86|m4,12.0
0.44393629180961935,416,104,af|271828|V2PMHC_beb0ad27d412552e|m0,12.0
0.39643980812648294,416,104,af|271828|V2PMHC_beb0ad27d412552e|m1,12.0
0.40624683910697224,416,104,af|271828|V2PMHC_beb0ad27d412552e|m2,12.0
0.39748108105911284,416,104,af|271828|V2PMHC_beb0ad27d412552e|m3,12.0
0.4096717026360812,416,104,af|271828|V2PMHC_beb0ad27d412552e|m4,12.0
0.4988257953294424,416,104,af|314159|V2PMHC_beb0ad27d412552e|m0,12.0
0.4320880807558113,416,104,af|314159|V2PMHC_beb0ad27d412552e|m1,12.0
0.426883902748057,416,104,af|314159|V2PMHC_beb0ad27d412552e|m2,12.0
0.4443326819786543,416,104,af|314159|V2PMHC_beb0ad27d412552e|m3,12.0
0.4416651762441831,416,104,af|314159|V2PMHC_beb0ad27d412552e|m4,12.0
0.6290324064695482,364,91,af|271828|V2PMHC_c7cc3907edbdd374|m0,12.0
0.6818492847639047,364,91,af|271828|V2PMHC_c7cc3907edbdd374|m1,12.0
0.6775705828733414,364,91,af|271828|V2PMHC_c7cc3907edbdd374|m2,12.0
0.6707150450475379,364,91,af|271828|V2PMHC_c7cc3907edbdd374|m3,12.0
0.6687468432881929,364,91,af|271828|V2PMHC_c7cc3907edbdd374|m4,12.0
0.6678501183587318,364,91,af|314159|V2PMHC_c7cc3907edbdd374|m0,12.0
0.7383153771576786,364,91,af|314159|V2PMHC_c7cc3907edbdd374|m1,12.0
0.7602611893867912,364,91,af|314159|V2PMHC_c7cc3907edbdd374|m2,12.0
0.6955561115450054,364,91,af|314159|V2PMHC_c7cc3907edbdd374|m3,12.0
0.7065075964238612,364,91,af|314159|V2PMHC_c7cc3907edbdd374|m4,12.0
0.4594983223204386,364,91,af|271828|V2PMHC_ccd4411cb2b8cf05|m0,12.0
0.5298018188599307,364,91,af|271828|V2PMHC_ccd4411cb2b8cf05|m1,12.0
0.47735827640475853,364,91,af|271828|V2PMHC_ccd4411cb2b8cf05|m2,12.0
0.5774746219953384,364,91,af|271828|V2PMHC_ccd4411cb2b8cf05|m3,12.0
0.6327697013196957,364,91,af|271828|V2PMHC_ccd4411cb2b8cf05|m4,12.0
0.5545071156956928,364,91,af|314159|V2PMHC_ccd4411cb2b8cf05|m0,12.0
0.5813217152084564,364,91,af|314159|V2PMHC_ccd4411cb2b8cf05|m1,12.0
0.5323828357375259,364,91,af|314159|V2PMHC_ccd4411cb2b8cf05|m2,12.0
0.6851107553678699,364,91,af|314159|V2PMHC_ccd4411cb2b8cf05|m3,12.0
0.5551851171084123,364,91,af|314159|V2PMHC_ccd4411cb2b8cf05|m4,12.0
0.4922764331558018,416,104,af|271828|V2PMHC_d7feb964ace8d6d1|m0,12.0
0.458065146409472,416,104,af|271828|V2PMHC_d7feb964ace8d6d1|m1,12.0
0.439528304696952,416,104,af|271828|V2PMHC_d7feb964ace8d6d1|m2,12.0
0.4345261564594307,416,104,af|271828|V2PMHC_d7feb964ace8d6d1|m3,12.0
0.4762605944695039,416,104,af|271828|V2PMHC_d7feb964ace8d6d1|m4,12.0
0.44938707144474427,416,104,af|314159|V2PMHC_d7feb964ace8d6d1|m0,12.0
0.48597756275581677,416,104,af|314159|V2PMHC_d7feb964ace8d6d1|m1,12.0
0.46978591464028613,416,104,af|314159|V2PMHC_d7feb964ace8d6d1|m2,12.0
0.5029293201769259,416,104,af|314159|V2PMHC_d7feb964ace8d6d1|m3,12.0
0.4688281415984998,416,104,af|314159|V2PMHC_d7feb964ace8d6d1|m4,12.0
0.6733017652419054,416,104,af|271828|V2PMHC_eb0af1b357b463a4|m0,12.0
0.6726296441918692,416,104,af|271828|V2PMHC_eb0af1b357b463a4|m1,12.0
0.6471379095020665,416,104,af|271828|V2PMHC_eb0af1b357b463a4|m2,12.0
0.6322735177581968,416,104,af|271828|V2PMHC_eb0af1b357b463a4|m3,12.0
0.6797853387889239,416,104,af|271828|V2PMHC_eb0af1b357b463a4|m4,12.0
0.46206815591944184,416,104,af|314159|V2PMHC_eb0af1b357b463a4|m0,12.0
0.4683916524791347,416,104,af|314159|V2PMHC_eb0af1b357b463a4|m1,12.0
0.45015863830498054,416,104,af|314159|V2PMHC_eb0af1b357b463a4|m2,12.0
0.4488295773770341,416,104,af|314159|V2PMHC_eb0af1b357b463a4|m3,12.0
0.6519258912897771,416,104,af|314159|V2PMHC_eb0af1b357b463a4|m4,12.0
0.4600138465369399,416,104,af|271828|V2PMHC_ed2fd8b0dedfa702|m0,12.0
0.498112156284035,416,104,af|271828|V2PMHC_ed2fd8b0dedfa702|m1,12.0
0.46657622349369704,416,104,af|271828|V2PMHC_ed2fd8b0dedfa702|m2,12.0
0.42677863337633776,416,104,af|271828|V2PMHC_ed2fd8b0dedfa702|m3,12.0
0.4635264152345851,416,104,af|271828|V2PMHC_ed2fd8b0dedfa702|m4,12.0
0.5224559764103249,416,104,af|314159|V2PMHC_ed2fd8b0dedfa702|m0,12.0
0.5372810957267138,416,104,af|314159|V2PMHC_ed2fd8b0dedfa702|m1,12.0
0.5181399232708794,416,104,af|314159|V2PMHC_ed2fd8b0dedfa702|m2,12.0
0.49486251120596997,416,104,af|314159|V2PMHC_ed2fd8b0dedfa702|m3,12.0
0.4584588428542139,416,104,af|314159|V2PMHC_ed2fd8b0dedfa702|m4,12.0
0.6854079037623353,364,91,af|271828|V2PMHC_edc57af6a9a8f080|m0,12.0
0.6569287856478283,364,91,af|271828|V2PMHC_edc57af6a9a8f080|m1,12.0
0.6764868387991181,364,91,af|271828|V2PMHC_edc57af6a9a8f080|m2,12.0
0.664207874196792,364,91,af|271828|V2PMHC_edc57af6a9a8f080|m3,12.0
0.6980390070633614,364,91,af|271828|V2PMHC_edc57af6a9a8f080|m4,12.0
0.6606694691980991,364,91,af|314159|V2PMHC_edc57af6a9a8f080|m0,12.0
0.6721251326159782,364,91,af|314159|V2PMHC_edc57af6a9a8f080|m1,12.0
0.715947411565826,364,91,af|314159|V2PMHC_edc57af6a9a8f080|m2,12.0
0.7141571432919811,364,91,af|314159|V2PMHC_edc57af6a9a8f080|m3,12.0
0.6689533711080503,364,91,af|314159|V2PMHC_edc57af6a9a8f080|m4,12.0
