layer,method,panel_seed,positive_pair_id,positive_rank,source
alphafold,full_structural_composite,271828,PAIR_HY2E11_BALF5_MBP,1,processed/hla2_positive_control_benchmark_v2_results_2026-08-26/benchmark/method_rank_long.csv
alphafold,physicochemical_only,271828,PAIR_HY2E11_BALF5_MBP,1,processed/hla2_positive_control_benchmark_v2_results_2026-08-26/benchmark/method_rank_long.csv
alphafold,tcr_facing_identity,271828,PAIR_HY2E11_BALF5_MBP,1,processed/hla2_positive_control_benchmark_v2_results_2026-08-26/benchmark/method_rank_long.csv
alphafold,full_core_identity,271828,PAIR_HY2E11_BALF5_MBP,2,processed/hla2_positive_control_benchmark_v2_results_2026-08-26/benchmark/method_rank_long.csv
alphafold,tcr_facing_blosum62,271828,PAIR_HY2E11_BALF5_MBP,1,processed/hla2_positive_control_benchmark_v2_results_2026-08-26/benchmark/method_rank_long.csv
alphafold,full_core_blosum62,271828,PAIR_HY2E11_BALF5_MBP,2,processed/hla2_positive_control_benchmark_v2_results_2026-08-26/benchmark/method_rank_long.csv
alphafold,structural_only,271828,PAIR_HY2E11_BALF5_MBP,1,processed/hla2_positive_control_benchmark_v2_results_2026-08-26/benchmark/method_rank_long.csv
alphafold,frozen_exposed_ca,271828,PAIR_HY2E11_BALF5_MBP,1,processed/hla2_positive_control_benchmark_v2_results_2026-08-26/benchmark/method_rank_long.csv
alphafold,random_ranking,271828,PAIR_HY2E11_BALF5_MBP,9,processed/hla2_positive_control_benchmark_v2_results_2026-08-26/benchmark/method_rank_long.csv
alphafold,full_structural_composite,314159,PAIR_HY2E11_BALF5_MBP,1,processed/hla2_positive_control_benchmark_v2_results_2026-08-26/benchmark/method_rank_long.csv
alphafold,physicochemical_only,314159,PAIR_HY2E11_BALF5_MBP,1,processed/hla2_positive_control_benchmark_v2_results_2026-08-26/benchmark/method_rank_long.csv
alphafold,tcr_facing_identity,314159,PAIR_HY2E11_BALF5_MBP,1,processed/hla2_positive_control_benchmark_v2_results_2026-08-26/benchmark/method_rank_long.csv
alphafold,full_core_identity,314159,PAIR_HY2E11_BALF5_MBP,2,processed/hla2_positive_control_benchmark_v2_results_2026-08-26/benchmark/method_rank_long.csv
alphafold,tcr_facing_blosum62,314159,PAIR_HY2E11_BALF5_MBP,1,processed/hla2_positive_control_benchmark_v2_results_2026-08-26/benchmark/method_rank_long.csv
alphafold,full_core_blosum62,314159,PAIR_HY2E11_BALF5_MBP,2,processed/hla2_positive_control_benchmark_v2_results_2026-08-26/benchmark/method_rank_long.csv
alphafold,structural_only,314159,PAIR_HY2E11_BALF5_MBP,1,processed/hla2_positive_control_benchmark_v2_results_2026-08-26/benchmark/method_rank_long.csv
alphafold,frozen_exposed_ca,314159,PAIR_HY2E11_BALF5_MBP,1,processed/hla2_positive_control_benchmark_v2_results_2026-08-26/benchmark/method_rank_long.csv
alphafold,random_ranking,314159,PAIR_HY2E11_BALF5_MBP,19,processed/hla2_positive_control_benchmark_v2_results_2026-08-26/benchmark/method_rank_long.csv
alphafold,full_structural_composite,271828,PAIR_OB1A12_ENGA_MBP,2,processed/hla2_positive_control_benchmark_v2_results_2026-08-26/benchmark/method_rank_long.csv
alphafold,physicochemical_only,271828,PAIR_OB1A12_ENGA_MBP,2,processed/hla2_positive_control_benchmark_v2_results_2026-08-26/benchmark/method_rank_long.csv
alphafold,tcr_facing_identity,271828,PAIR_OB1A12_ENGA_MBP,2,processed/hla2_positive_control_benchmark_v2_results_2026-08-26/benchmark/method_rank_long.csv
alphafold,full_core_identity,271828,PAIR_OB1A12_ENGA_MBP,4,processed/hla2_positive_control_benchmark_v2_results_2026-08-26/benchmark/method_rank_long.csv
alphafold,tcr_facing_blosum62,271828,PAIR_OB1A12_ENGA_MBP,1,processed/hla2_positive_control_benchmark_v2_results_2026-08-26/benchmark/method_rank_long.csv
alphafold,full_core_blosum62,271828,PAIR_OB1A12_ENGA_MBP,1,processed/hla2_positive_control_benchmark_v2_results_2026-08-26/benchmark/method_rank_long.csv
alphafold,structural_only,271828,PAIR_OB1A12_ENGA_MBP,7,processed/hla2_positive_control_benchmark_v2_results_2026-08-26/benchmark/method_rank_long.csv
alphafold,frozen_exposed_ca,271828,PAIR_OB1A12_ENGA_MBP,7,processed/hla2_positive_control_benchmark_v2_results_2026-08-26/benchmark/method_rank_long.csv
alphafold,random_ranking,271828,PAIR_OB1A12_ENGA_MBP,17,processed/hla2_positive_control_benchmark_v2_results_2026-08-26/benchmark/method_rank_long.csv
alphafold,full_structural_composite,314159,PAIR_OB1A12_ENGA_MBP,2,processed/hla2_positive_control_benchmark_v2_results_2026-08-26/benchmark/method_rank_long.csv
alphafold,physicochemical_only,314159,PAIR_OB1A12_ENGA_MBP,2,processed/hla2_positive_control_benchmark_v2_results_2026-08-26/benchmark/method_rank_long.csv
alphafold,tcr_facing_identity,314159,PAIR_OB1A12_ENGA_MBP,2,processed/hla2_positive_control_benchmark_v2_results_2026-08-26/benchmark/method_rank_long.csv
alphafold,full_core_identity,314159,PAIR_OB1A12_ENGA_MBP,4,processed/hla2_positive_control_benchmark_v2_results_2026-08-26/benchmark/method_rank_long.csv
alphafold,tcr_facing_blosum62,314159,PAIR_OB1A12_ENGA_MBP,1,processed/hla2_positive_control_benchmark_v2_results_2026-08-26/benchmark/method_rank_long.csv
alphafold,full_core_blosum62,314159,PAIR_OB1A12_ENGA_MBP,1,processed/hla2_positive_control_benchmark_v2_results_2026-08-26/benchmark/method_rank_long.csv
alphafold,structural_only,314159,PAIR_OB1A12_ENGA_MBP,4,processed/hla2_positive_control_benchmark_v2_results_2026-08-26/benchmark/method_rank_long.csv
alphafold,frozen_exposed_ca,314159,PAIR_OB1A12_ENGA_MBP,4,processed/hla2_positive_control_benchmark_v2_results_2026-08-26/benchmark/method_rank_long.csv
alphafold,random_ranking,314159,PAIR_OB1A12_ENGA_MBP,26,processed/hla2_positive_control_benchmark_v2_results_2026-08-26/benchmark/method_rank_long.csv
alphafold,full_structural_composite,271828,PAIR_HY1B11_PMM_MBP,13,processed/hla2_positive_control_benchmark_v2_results_2026-08-26/benchmark/method_rank_long.csv
alphafold,physicochemical_only,271828,PAIR_HY1B11_PMM_MBP,1,processed/hla2_positive_control_benchmark_v2_results_2026-08-26/benchmark/method_rank_long.csv
alphafold,tcr_facing_identity,271828,PAIR_HY1B11_PMM_MBP,1,processed/hla2_positive_control_benchmark_v2_results_2026-08-26/benchmark/method_rank_long.csv
alphafold,full_core_identity,271828,PAIR_HY1B11_PMM_MBP,3,processed/hla2_positive_control_benchmark_v2_results_2026-08-26/benchmark/method_rank_long.csv
alphafold,tcr_facing_blosum62,271828,PAIR_HY1B11_PMM_MBP,1,processed/hla2_positive_control_benchmark_v2_results_2026-08-26/benchmark/method_rank_long.csv
alphafold,full_core_blosum62,271828,PAIR_HY1B11_PMM_MBP,2,processed/hla2_positive_control_benchmark_v2_results_2026-08-26/benchmark/method_rank_long.csv
alphafold,structural_only,271828,PAIR_HY1B11_PMM_MBP,13,processed/hla2_positive_control_benchmark_v2_results_2026-08-26/benchmark/method_rank_long.csv
alphafold,frozen_exposed_ca,271828,PAIR_HY1B11_PMM_MBP,14,processed/hla2_positive_control_benchmark_v2_results_2026-08-26/benchmark/method_rank_long.csv
alphafold,random_ranking,271828,PAIR_HY1B11_PMM_MBP,10,processed/hla2_positive_control_benchmark_v2_results_2026-08-26/benchmark/method_rank_long.csv
alphafold,full_structural_composite,314159,PAIR_HY1B11_PMM_MBP,13,processed/hla2_positive_control_benchmark_v2_results_2026-08-26/benchmark/method_rank_long.csv
alphafold,physicochemical_only,314159,PAIR_HY1B11_PMM_MBP,1,processed/hla2_positive_control_benchmark_v2_results_2026-08-26/benchmark/method_rank_long.csv
alphafold,tcr_facing_identity,314159,PAIR_HY1B11_PMM_MBP,1,processed/hla2_positive_control_benchmark_v2_results_2026-08-26/benchmark/method_rank_long.csv
alphafold,full_core_identity,314159,PAIR_HY1B11_PMM_MBP,3,processed/hla2_positive_control_benchmark_v2_results_2026-08-26/benchmark/method_rank_long.csv
alphafold,tcr_facing_blosum62,314159,PAIR_HY1B11_PMM_MBP,1,processed/hla2_positive_control_benchmark_v2_results_2026-08-26/benchmark/method_rank_long.csv
alphafold,full_core_blosum62,314159,PAIR_HY1B11_PMM_MBP,2,processed/hla2_positive_control_benchmark_v2_results_2026-08-26/benchmark/method_rank_long.csv
alphafold,structural_only,314159,PAIR_HY1B11_PMM_MBP,13,processed/hla2_positive_control_benchmark_v2_results_2026-08-26/benchmark/method_rank_long.csv
alphafold,frozen_exposed_ca,314159,PAIR_HY1B11_PMM_MBP,13,processed/hla2_positive_control_benchmark_v2_results_2026-08-26/benchmark/method_rank_long.csv
alphafold,random_ranking,314159,PAIR_HY1B11_PMM_MBP,9,processed/hla2_positive_control_benchmark_v2_results_2026-08-26/benchmark/method_rank_long.csv
alphafold,full_structural_composite,271828,PAIR_HY1B11_UL15_MBP,17,processed/hla2_positive_control_benchmark_v2_results_2026-08-26/benchmark/method_rank_long.csv
alphafold,physicochemical_only,271828,PAIR_HY1B11_UL15_MBP,1,processed/hla2_positive_control_benchmark_v2_results_2026-08-26/benchmark/method_rank_long.csv
alphafold,tcr_facing_identity,271828,PAIR_HY1B11_UL15_MBP,2,processed/hla2_positive_control_benchmark_v2_results_2026-08-26/benchmark/method_rank_long.csv
alphafold,full_core_identity,271828,PAIR_HY1B11_UL15_MBP,1,processed/hla2_positive_control_benchmark_v2_results_2026-08-26/benchmark/method_rank_long.csv
alphafold,tcr_facing_blosum62,271828,PAIR_HY1B11_UL15_MBP,1,processed/hla2_positive_control_benchmark_v2_results_2026-08-26/benchmark/method_rank_long.csv
alphafold,full_core_blosum62,271828,PAIR_HY1B11_UL15_MBP,1,processed/hla2_positive_control_benchmark_v2_results_2026-08-26/benchmark/method_rank_long.csv
alphafold,structural_only,271828,PAIR_HY1B11_UL15_MBP,17,processed/hla2_positive_control_benchmark_v2_results_2026-08-26/benchmark/method_rank_long.csv
alphafold,frozen_exposed_ca,271828,PAIR_HY1B11_UL15_MBP,15,processed/hla2_positive_control_benchmark_v2_results_2026-08-26/benchmark/method_rank_long.csv
alphafold,random_ranking,271828,PAIR_HY1B11_UL15_MBP,25,processed/hla2_positive_control_benchmark_v2_results_2026-08-26/benchmark/method_rank_long.csv
alphafold,full_structural_composite,314159,PAIR_HY1B11_UL15_MBP,6,processed/hla2_positive_control_benchmark_v2_results_2026-08-26/benchmark/method_rank_long.csv
alphafold,physicochemical_only,314159,PAIR_HY1B11_UL15_MBP,1,processed/hla2_positive_control_benchmark_v2_results_2026-08-26/benchmark/method_rank_long.csv
alphafold,tcr_facing_identity,314159,PAIR_HY1B11_UL15_MBP,2,processed/hla2_positive_control_benchmark_v2_results_2026-08-26/benchmark/method_rank_long.csv
alphafold,full_core_identity,314159,PAIR_HY1B11_UL15_MBP,1,processed/hla2_positive_control_benchmark_v2_results_2026-08-26/benchmark/method_rank_long.csv
alphafold,tcr_facing_blosum62,314159,PAIR_HY1B11_UL15_MBP,1,processed/hla2_positive_control_benchmark_v2_results_2026-08-26/benchmark/method_rank_long.csv
alphafold,full_core_blosum62,314159,PAIR_HY1B11_UL15_MBP,1,processed/hla2_positive_control_benchmark_v2_results_2026-08-26/benchmark/method_rank_long.csv
alphafold,structural_only,314159,PAIR_HY1B11_UL15_MBP,6,processed/hla2_positive_control_benchmark_v2_results_2026-08-26/benchmark/method_rank_long.csv
alphafold,frozen_exposed_ca,314159,PAIR_HY1B11_UL15_MBP,6,processed/hla2_positive_control_benchmark_v2_results_2026-08-26/benchmark/method_rank_long.csv
alphafold,random_ranking,314159,PAIR_HY1B11_UL15_MBP,17,processed/hla2_positive_control_benchmark_v2_results_2026-08-26/benchmark/method_rank_long.csv
alphafold,surface_v2_peptide,271828,PAIR_HY1B11_PMM_MBP,16,this_package_primary_surface_analysis
alphafold,surface_v2_composite,271828,PAIR_HY1B11_PMM_MBP,16,this_package_primary_surface_analysis
alphafold,surface_v2_helix,271828,PAIR_HY1B11_PMM_MBP,13,this_package_primary_surface_analysis
alphafold,surface_v2_height,271828,PAIR_HY1B11_PMM_MBP,9,this_package_primary_surface_analysis
alphafold,surface_v2_normal,271828,PAIR_HY1B11_PMM_MBP,11,this_package_primary_surface_analysis
alphafold,surface_v2_shape,271828,PAIR_HY1B11_PMM_MBP,9,this_package_primary_surface_analysis
alphafold,surface_v2_peptide,314159,PAIR_HY1B11_PMM_MBP,13,this_package_primary_surface_analysis
alphafold,surface_v2_composite,314159,PAIR_HY1B11_PMM_MBP,16,this_package_primary_surface_analysis
alphafold,surface_v2_helix,314159,PAIR_HY1B11_PMM_MBP,13,this_package_primary_surface_analysis
alphafold,surface_v2_height,314159,PAIR_HY1B11_PMM_MBP,12,this_package_primary_surface_analysis
alphafold,surface_v2_normal,314159,PAIR_HY1B11_PMM_MBP,12,this_package_primary_surface_analysis
alphafold,surface_v2_shape,314159,PAIR_HY1B11_PMM_MBP,12,this_package_primary_surface_analysis
alphafold,surface_v2_peptide,271828,PAIR_HY1B11_UL15_MBP,12,this_package_primary_surface_analysis
alphafold,surface_v2_composite,271828,PAIR_HY1B11_UL15_MBP,10,this_package_primary_surface_analysis
alphafold,surface_v2_helix,271828,PAIR_HY1B11_UL15_MBP,11,this_package_primary_surface_analysis
alphafold,surface_v2_height,271828,PAIR_HY1B11_UL15_MBP,10,this_package_primary_surface_analysis
alphafold,surface_v2_normal,271828,PAIR_HY1B11_UL15_MBP,11,this_package_primary_surface_analysis
alphafold,surface_v2_shape,271828,PAIR_HY1B11_UL15_MBP,10,this_package_primary_surface_analysis
alphafold,surface_v2_peptide,314159,PAIR_HY1B11_UL15_MBP,3,this_package_primary_surface_analysis
alphafold,surface_v2_composite,314159,PAIR_HY1B11_UL15_MBP,2,this_package_primary_surface_analysis
alphafold,surface_v2_helix,314159,PAIR_HY1B11_UL15_MBP,2,this_package_primary_surface_analysis
alphafold,surface_v2_height,314159,PAIR_HY1B11_UL15_MBP,6,this_package_primary_surface_analysis
alphafold,surface_v2_normal,314159,PAIR_HY1B11_UL15_MBP,6,this_package_primary_surface_analysis
alphafold,surface_v2_shape,314159,PAIR_HY1B11_UL15_MBP,6,this_package_primary_surface_analysis
alphafold,surface_v2_peptide,271828,PAIR_HY2E11_BALF5_MBP,21,this_package_primary_surface_analysis
alphafold,surface_v2_composite,271828,PAIR_HY2E11_BALF5_MBP,9,this_package_primary_surface_analysis
alphafold,surface_v2_helix,271828,PAIR_HY2E11_BALF5_MBP,2,this_package_primary_surface_analysis
alphafold,surface_v2_height,271828,PAIR_HY2E11_BALF5_MBP,1,this_package_primary_surface_analysis
alphafold,surface_v2_normal,271828,PAIR_HY2E11_BALF5_MBP,1,this_package_primary_surface_analysis
alphafold,surface_v2_shape,271828,PAIR_HY2E11_BALF5_MBP,1,this_package_primary_surface_analysis
alphafold,surface_v2_peptide,314159,PAIR_HY2E11_BALF5_MBP,18,this_package_primary_surface_analysis
alphafold,surface_v2_composite,314159,PAIR_HY2E11_BALF5_MBP,6,this_package_primary_surface_analysis
alphafold,surface_v2_helix,314159,PAIR_HY2E11_BALF5_MBP,1,this_package_primary_surface_analysis
alphafold,surface_v2_height,314159,PAIR_HY2E11_BALF5_MBP,1,this_package_primary_surface_analysis
alphafold,surface_v2_normal,314159,PAIR_HY2E11_BALF5_MBP,1,this_package_primary_surface_analysis
alphafold,surface_v2_shape,314159,PAIR_HY2E11_BALF5_MBP,1,this_package_primary_surface_analysis
alphafold,surface_v2_peptide,271828,PAIR_OB1A12_ENGA_MBP,2,this_package_primary_surface_analysis
alphafold,surface_v2_composite,271828,PAIR_OB1A12_ENGA_MBP,2,this_package_primary_surface_analysis
alphafold,surface_v2_helix,271828,PAIR_OB1A12_ENGA_MBP,2,this_package_primary_surface_analysis
alphafold,surface_v2_height,271828,PAIR_OB1A12_ENGA_MBP,7,this_package_primary_surface_analysis
alphafold,surface_v2_normal,271828,PAIR_OB1A12_ENGA_MBP,7,this_package_primary_surface_analysis
alphafold,surface_v2_shape,271828,PAIR_OB1A12_ENGA_MBP,7,this_package_primary_surface_analysis
alphafold,surface_v2_peptide,314159,PAIR_OB1A12_ENGA_MBP,1,this_package_primary_surface_analysis
alphafold,surface_v2_composite,314159,PAIR_OB1A12_ENGA_MBP,1,this_package_primary_surface_analysis
alphafold,surface_v2_helix,314159,PAIR_OB1A12_ENGA_MBP,1,this_package_primary_surface_analysis
alphafold,surface_v2_height,314159,PAIR_OB1A12_ENGA_MBP,10,this_package_primary_surface_analysis
alphafold,surface_v2_normal,314159,PAIR_OB1A12_ENGA_MBP,3,this_package_primary_surface_analysis
alphafold,surface_v2_shape,314159,PAIR_OB1A12_ENGA_MBP,10,this_package_primary_surface_analysis
experimental_pdb,surface_v2_peptide,pdb,PAIR_HY2E11_BALF5_MBP,5,this_package_primary_surface_analysis
experimental_pdb,surface_v2_composite,pdb,PAIR_HY2E11_BALF5_MBP,6,this_package_primary_surface_analysis
experimental_pdb,surface_v2_helix,pdb,PAIR_HY2E11_BALF5_MBP,7,this_package_primary_surface_analysis
experimental_pdb,surface_v2_height,pdb,PAIR_HY2E11_BALF5_MBP,4,this_package_primary_surface_analysis
experimental_pdb,surface_v2_normal,pdb,PAIR_HY2E11_BALF5_MBP,5,this_package_primary_surface_analysis
experimental_pdb,surface_v2_shape,pdb,PAIR_HY2E11_BALF5_MBP,4,this_package_primary_surface_analysis
experimental_pdb,surface_v2_peptide,pdb,PAIR_OB1A12_ENGA_MBP,6,this_package_primary_surface_analysis
experimental_pdb,surface_v2_composite,pdb,PAIR_OB1A12_ENGA_MBP,6,this_package_primary_surface_analysis
experimental_pdb,surface_v2_helix,pdb,PAIR_OB1A12_ENGA_MBP,3,this_package_primary_surface_analysis
experimental_pdb,surface_v2_height,pdb,PAIR_OB1A12_ENGA_MBP,5,this_package_primary_surface_analysis
experimental_pdb,surface_v2_normal,pdb,PAIR_OB1A12_ENGA_MBP,6,this_package_primary_surface_analysis
experimental_pdb,surface_v2_shape,pdb,PAIR_OB1A12_ENGA_MBP,5,this_package_primary_surface_analysis
experimental_pdb,surface_v2_peptide,pdb,PAIR_HY1B11_UL15_MBP,3,this_package_primary_surface_analysis
experimental_pdb,surface_v2_composite,pdb,PAIR_HY1B11_UL15_MBP,3,this_package_primary_surface_analysis
experimental_pdb,surface_v2_helix,pdb,PAIR_HY1B11_UL15_MBP,2,this_package_primary_surface_analysis
experimental_pdb,surface_v2_height,pdb,PAIR_HY1B11_UL15_MBP,3,this_package_primary_surface_analysis
experimental_pdb,surface_v2_normal,pdb,PAIR_HY1B11_UL15_MBP,3,this_package_primary_surface_analysis
experimental_pdb,surface_v2_shape,pdb,PAIR_HY1B11_UL15_MBP,3,this_package_primary_surface_analysis
experimental_pdb,surface_v2_peptide,pdb,PAIR_HY1B11_PMM_MBP,2,this_package_primary_surface_analysis
experimental_pdb,surface_v2_composite,pdb,PAIR_HY1B11_PMM_MBP,2,this_package_primary_surface_analysis
experimental_pdb,surface_v2_helix,pdb,PAIR_HY1B11_PMM_MBP,3,this_package_primary_surface_analysis
experimental_pdb,surface_v2_height,pdb,PAIR_HY1B11_PMM_MBP,2,this_package_primary_surface_analysis
experimental_pdb,surface_v2_normal,pdb,PAIR_HY1B11_PMM_MBP,2,this_package_primary_surface_analysis
experimental_pdb,surface_v2_shape,pdb,PAIR_HY1B11_PMM_MBP,2,this_package_primary_surface_analysis
