pair_id,original_shortlist_rank,original_locally_aligned_residues,ebv_candidate_id,human_candidate_id,ebv_peptide,human_peptide,ebv_iedb_top_core,ebv_iedb_top_core_start_1_based,human_iedb_top_core,human_iedb_top_core_start_1_based,top_core_register_status,top_core_same_register_local_alignment_count,top_core_same_register_alignment_fraction,all_manifest_window_pair_count,all_manifest_same_register_alignment_min,all_manifest_same_register_alignment_max,all_manifest_same_register_alignment_count_distribution,maximizing_window_start_pairs,interpretation
EBV_TCELL_63843::HUMAN_MYELIN_80095,1,6,EBV_TCELL_63843,HUMAN_MYELIN_80095,TGGVYHFVKKHVHES,VVHFFKNIVTPRT,VYHFVKKHV,4,VHFFKNIVT,2,assessable_top_core_hypothesis,0,0.0,35,0,6,0:31;3:1;4:1;5:1;6:1,EBV:4;Human:1,Descriptive register-position diagnostic. Retain the full sensitivity table; do not use a favorable window combination to strengthen a claim post hoc.
EBV_TCELL_63843::HUMAN_MYELIN_13572,2,6,EBV_TCELL_63843,HUMAN_MYELIN_13572,TGGVYHFVKKHVHES,ENPVVHFFKNIVTPR,VYHFVKKHV,4,VHFFKNIVT,5,assessable_top_core_hypothesis,0,0.0,49,0,6,0:42;3:1;4:1;5:1;6:4,EBV:1;Human:1 | EBV:2;Human:2 | EBV:3;Human:3 | EBV:4;Human:4,Descriptive register-position diagnostic. Retain the full sensitivity table; do not use a favorable window combination to strengthen a claim post hoc.
EBV_TCELL_63843::HUMAN_MYELIN_114806,3,6,EBV_TCELL_63843,HUMAN_MYELIN_114806,TGGVYHFVKKHVHES,ENPVVHFFKNIVTP,VYHFVKKHV,4,VHFFKNIVT,5,assessable_top_core_hypothesis,0,0.0,42,0,6,0:36;4:1;5:1;6:4,EBV:1;Human:1 | EBV:2;Human:2 | EBV:3;Human:3 | EBV:4;Human:4,Descriptive register-position diagnostic. Retain the full sensitivity table; do not use a favorable window combination to strengthen a claim post hoc.
EBV_TCELL_2268683::HUMAN_MYELIN_115641,4,5,EBV_TCELL_2268683,HUMAN_MYELIN_115641,EKQLFYYIGTMLPN,QRPGFGYGGRASDYKSAHK,LFYYIGTML,4,GFGYGGRAS,4,assessable_top_core_hypothesis,5,1.0,66,0,5,0:60;4:1;5:5,EBV:1;Human:1 | EBV:2;Human:2 | EBV:3;Human:3 | EBV:4;Human:4 | EBV:5;Human:5,Descriptive register-position diagnostic. Retain the full sensitivity table; do not use a favorable window combination to strengthen a claim post hoc.
EBV_TCELL_63843::HUMAN_MYELIN_13573,5,6,EBV_TCELL_63843,HUMAN_MYELIN_13573,TGGVYHFVKKHVHES,ENPVVHFFKNIVTPRTP,VYHFVKKHV,4,VHFFKNIVT,5,assessable_top_core_hypothesis,0,0.0,63,0,6,0:56;3:1;4:1;5:1;6:4,EBV:1;Human:1 | EBV:2;Human:2 | EBV:3;Human:3 | EBV:4;Human:4,Descriptive register-position diagnostic. Retain the full sensitivity table; do not use a favorable window combination to strengthen a claim post hoc.
EBV_TCELL_63843::HUMAN_MYELIN_111192,6,6,EBV_TCELL_63843,HUMAN_MYELIN_111192,TGGVYHFVKKHVHES,DENPVVHFFKNIVTPRTPP,VYHFVKKHV,4,VHFFKNIVT,6,assessable_top_core_hypothesis,0,0.0,77,0,6,0:70;3:1;4:1;5:1;6:4,EBV:1;Human:2 | EBV:2;Human:3 | EBV:3;Human:4 | EBV:4;Human:5,Descriptive register-position diagnostic. Retain the full sensitivity table; do not use a favorable window combination to strengthen a claim post hoc.
EBV_TCELL_63843::HUMAN_MYELIN_112393,7,6,EBV_TCELL_63843,HUMAN_MYELIN_112393,TGGVYHFVKKHVHES,VVHFFKNIVTPRTPPPSQGK,VYHFVKKHV,4,VHFFKNIVT,2,assessable_top_core_hypothesis,0,0.0,84,0,6,0:80;3:1;4:1;5:1;6:1,EBV:4;Human:1,Descriptive register-position diagnostic. Retain the full sensitivity table; do not use a favorable window combination to strengthen a claim post hoc.
EBV_TCELL_63843::HUMAN_MYELIN_45514,8,6,EBV_TCELL_63843,HUMAN_MYELIN_45514,TGGVYHFVKKHVHES,NPVVHFFKNIVTPRTPPPSQ,VYHFVKKHV,4,VHFFKNIVT,4,assessable_top_core_hypothesis,0,0.0,84,0,6,0:78;3:1;4:1;5:1;6:3,EBV:2;Human:1 | EBV:3;Human:2 | EBV:4;Human:3,Descriptive register-position diagnostic. Retain the full sensitivity table; do not use a favorable window combination to strengthen a claim post hoc.
EBV_TCELL_2268933::HUMAN_MYELIN_5516,9,5,EBV_TCELL_2268933,HUMAN_MYELIN_5516,VTNILIYNGWYADS,AVPVYIYFNTWTTCQSIAFP,ILIYNGWYA,4,VYIYFNTWT,4,assessable_top_core_hypothesis,2,0.4,72,0,3,0:60;2:7;3:5,EBV:2;Human:3 | EBV:3;Human:4 | EBV:4;Human:5 | EBV:5;Human:6 | EBV:6;Human:7,Descriptive register-position diagnostic. Retain the full sensitivity table; do not use a favorable window combination to strengthen a claim post hoc.
EBV_TCELL_63843::HUMAN_MYELIN_114925,10,6,EBV_TCELL_63843,HUMAN_MYELIN_114925,TGGVYHFVKKHVHES,QDENPVVHFFKNIVTPRTP,VYHFVKKHV,4,VHFFKNIVT,7,assessable_top_core_hypothesis,0,0.0,77,0,6,0:70;3:1;4:1;5:1;6:4,EBV:1;Human:3 | EBV:2;Human:4 | EBV:3;Human:5 | EBV:4;Human:6,Descriptive register-position diagnostic. Retain the full sensitivity table; do not use a favorable window combination to strengthen a claim post hoc.
EBV_TCELL_63843::HUMAN_MYELIN_116170,11,6,EBV_TCELL_63843,HUMAN_MYELIN_116170,TGGVYHFVKKHVHES,TQDENPVVHFFKNIVTPRTP,VYHFVKKHV,4,VHFFKNIVT,8,assessable_top_core_hypothesis,0,0.0,84,0,6,0:77;3:1;4:1;5:1;6:4,EBV:1;Human:4 | EBV:2;Human:5 | EBV:3;Human:6 | EBV:4;Human:7,Descriptive register-position diagnostic. Retain the full sensitivity table; do not use a favorable window combination to strengthen a claim post hoc.
EBV_TCELL_1862913::HUMAN_MYELIN_112319,12,7,EBV_TCELL_1862913,HUMAN_MYELIN_112319,NILRIYYSPSIMHRYAVVQP,SKIFKLGGRDSRSGSPMARR,LRIYYSPSI,3,IFKLGGRDS,3,assessable_top_core_hypothesis,0,0.0,144,0,7,0:137;2:1;3:1;4:1;5:1;6:1;7:2,EBV:6;Human:11 | EBV:7;Human:12,Descriptive register-position diagnostic. Retain the full sensitivity table; do not use a favorable window combination to strengthen a claim post hoc.
EBV_TCELL_1392779::HUMAN_MYELIN_117035,13,6,EBV_TCELL_1392779,HUMAN_MYELIN_117035,FARQAVWLRE,LGHPDKFVGITYALTVVWLLVFACSAVPVYIY,IFARQAVWL,,LLVFACSAV,19,not_assessable_top_core_requires_flank_or_register_resolution,,,48,0,6,0:46;5:1;6:1,EBV:1;Human:22,Descriptive register-position diagnostic. Retain the full sensitivity table; do not use a favorable window combination to strengthen a claim post hoc.
EBV_TCELL_63843::HUMAN_MYELIN_112603,14,6,EBV_TCELL_63843,HUMAN_MYELIN_112603,TGGVYHFVKKHVHES,MIAATYNFAVLKLMGRGTKF,VYHFVKKHV,4,VLKLMGRGT,10,assessable_top_core_hypothesis,0,0.0,84,0,3,0:70;1:1;2:2;3:11,EBV:1;Human:2 | EBV:2;Human:3 | EBV:2;Human:4 | EBV:3;Human:4 | EBV:3;Human:5 | EBV:4;Human:5 | EBV:4;Human:6 | EBV:5;Human:6 | EBV:5;Human:7 | EBV:6;Human:8 | EBV:7;Human:9,Descriptive register-position diagnostic. Retain the full sensitivity table; do not use a favorable window combination to strengthen a claim post hoc.
EBV_TCELL_1392779::HUMAN_MYELIN_117117,15,5,EBV_TCELL_1392779,HUMAN_MYELIN_117117,FARQAVWLRE,YFSKNYQDYEYLINVIHAFQYVIYGTASFFFL,IFARQAVWL,,IHAFQYVIY,16,not_assessable_top_core_requires_flank_or_register_resolution,,,48,0,5,0:46;5:2,EBV:1;Human:17 | EBV:2;Human:18,Descriptive register-position diagnostic. Retain the full sensitivity table; do not use a favorable window combination to strengthen a claim post hoc.
EBV_TCELL_119155::HUMAN_MYELIN_116976,16,5,EBV_TCELL_119155,HUMAN_MYELIN_116976,FIEFVGWLCKKDHTHIREWF,FKGVDAQGTLSKIFKLGGR,FVGWLCKKD,4,LSKIFKLGG,10,assessable_top_core_hypothesis,0,0.0,132,0,5,0:123;2:1;3:1;4:2;5:5,EBV:2;Human:4 | EBV:3;Human:5 | EBV:4;Human:6 | EBV:5;Human:7 | EBV:6;Human:8,Descriptive register-position diagnostic. Retain the full sensitivity table; do not use a favorable window combination to strengthen a claim post hoc.
EBV_TCELL_119155::HUMAN_MYELIN_116995,17,8,EBV_TCELL_119155,HUMAN_MYELIN_116995,FIEFVGWLCKKDHTHIREWF,HHPARTAHYGSLPQKSHGR,FVGWLCKKD,4,TAHYGSLPQ,6,assessable_top_core_hypothesis,0,0.0,132,0,8,0:125;4:1;5:1;6:1;7:2;8:2,EBV:5;Human:9 | EBV:6;Human:10,Descriptive register-position diagnostic. Retain the full sensitivity table; do not use a favorable window combination to strengthen a claim post hoc.
EBV_TCELL_63843::HUMAN_MYELIN_114765,18,6,EBV_TCELL_63843,HUMAN_MYELIN_114765,TGGVYHFVKKHVHES,DENPVVHFFKN,VYHFVKKHV,4,ENPVVHFFK,2,assessable_top_core_hypothesis,0,0.0,21,0,6,0:19;6:2,EBV:1;Human:2 | EBV:2;Human:3,Descriptive register-position diagnostic. Retain the full sensitivity table; do not use a favorable window combination to strengthen a claim post hoc.
EBV_TCELL_2268683::HUMAN_MYELIN_117117,19,5,EBV_TCELL_2268683,HUMAN_MYELIN_117117,EKQLFYYIGTMLPN,YFSKNYQDYEYLINVIHAFQYVIYGTASFFFL,LFYYIGTML,4,IHAFQYVIY,16,assessable_top_core_hypothesis,0,0.0,144,0,3,0:132;1:1;2:5;3:6,EBV:1;Human:16 | EBV:2;Human:17 | EBV:3;Human:18 | EBV:4;Human:19 | EBV:5;Human:20 | EBV:6;Human:21,Descriptive register-position diagnostic. Retain the full sensitivity table; do not use a favorable window combination to strengthen a claim post hoc.
EBV_TCELL_119155::HUMAN_MYELIN_67907,20,5,EBV_TCELL_119155,HUMAN_MYELIN_67907,FIEFVGWLCKKDHTHIREWF,VDAQGTLSKIFKLGGRDSRS,FVGWLCKKD,4,IFKLGGRDS,10,assessable_top_core_hypothesis,0,0.0,144,0,5,0:135;1:1;2:1;3:1;4:1;5:5,EBV:2;Human:1 | EBV:3;Human:2 | EBV:4;Human:3 | EBV:5;Human:4 | EBV:6;Human:5,Descriptive register-position diagnostic. Retain the full sensitivity table; do not use a favorable window combination to strengthen a claim post hoc.
EBV_TCELL_119155::HUMAN_MYELIN_112037,21,5,EBV_TCELL_119155,HUMAN_MYELIN_112037,FIEFVGWLCKKDHTHIREWF,AQGTLSKIFKLGGRDSRSGSPMARR,FVGWLCKKD,4,IFKLGGRDS,8,assessable_top_core_hypothesis,0,0.0,204,0,5,0:197;1:1;2:1;3:1;4:1;5:3,EBV:4;Human:1 | EBV:5;Human:2 | EBV:6;Human:3,Descriptive register-position diagnostic. Retain the full sensitivity table; do not use a favorable window combination to strengthen a claim post hoc.
EBV_TCELL_1862913::HUMAN_MYELIN_117032,22,5,EBV_TCELL_1862913,HUMAN_MYELIN_117032,NILRIYYSPSIMHRYAVVQP,KVCGSNLLSICKTAEFQMTFHLFIAAFVGAAA,LRIYYSPSI,3,FHLFIAAFV,20,assessable_top_core_hypothesis,0,0.0,288,0,5,0:283;1:1;2:1;3:1;4:1;5:1,EBV:1;Human:6,Descriptive register-position diagnostic. Retain the full sensitivity table; do not use a favorable window combination to strengthen a claim post hoc.
EBV_TCELL_149795::HUMAN_MYELIN_117032,23,5,EBV_TCELL_149795,HUMAN_MYELIN_117032,LDLDFGQLTPHTKAVYQPRG,KVCGSNLLSICKTAEFQMTFHLFIAAFVGAAA,LTPHTKAVY,8,FHLFIAAFV,20,assessable_top_core_hypothesis,0,0.0,288,0,5,0:277;1:1;2:1;3:2;4:2;5:5,EBV:3;Human:13 | EBV:4;Human:14 | EBV:5;Human:15 | EBV:6;Human:16 | EBV:7;Human:17,Descriptive register-position diagnostic. Retain the full sensitivity table; do not use a favorable window combination to strengthen a claim post hoc.
EBV_TCELL_950::HUMAN_MYELIN_112214,24,5,EBV_TCELL_950,HUMAN_MYELIN_112214,AEGLRALLARSHVER,LSRFSWGAEGQRPGFGYGG,LRALLARSH,4,WGAEGQRPG,6,assessable_top_core_hypothesis,0,0.0,77,0,5,0:73;2:1;3:1;4:1;5:1,EBV:1;Human:8,Descriptive register-position diagnostic. Retain the full sensitivity table; do not use a favorable window combination to strengthen a claim post hoc.
EBV_TCELL_119155::HUMAN_MYELIN_117032,25,6,EBV_TCELL_119155,HUMAN_MYELIN_117032,FIEFVGWLCKKDHTHIREWF,KVCGSNLLSICKTAEFQMTFHLFIAAFVGAAA,FVGWLCKKD,4,FHLFIAAFV,20,assessable_top_core_hypothesis,0,0.0,288,0,4,0:285;1:1;2:1;4:1,EBV:1;Human:24,Descriptive register-position diagnostic. Retain the full sensitivity table; do not use a favorable window combination to strengthen a claim post hoc.
EBV_TCELL_149795::HUMAN_MYELIN_40762,26,6,EBV_TCELL_149795,HUMAN_MYELIN_40762,LDLDFGQLTPHTKAVYQPRG,LYGALLLAEGFYTTGAVRQI,LTPHTKAVY,8,LLLAEGFYT,5,assessable_top_core_hypothesis,0,0.0,144,0,6,0:137;1:1;2:1;3:1;4:1;5:1;6:2,EBV:9;Human:11 | EBV:10;Human:12,Descriptive register-position diagnostic. Retain the full sensitivity table; do not use a favorable window combination to strengthen a claim post hoc.
EBV_TCELL_1862913::HUMAN_MYELIN_112037,27,7,EBV_TCELL_1862913,HUMAN_MYELIN_112037,NILRIYYSPSIMHRYAVVQP,AQGTLSKIFKLGGRDSRSGSPMARR,LRIYYSPSI,3,IFKLGGRDS,8,assessable_top_core_hypothesis,0,0.0,204,0,7,0:197;2:1;3:1;4:1;5:1;6:1;7:2,EBV:6;Human:16 | EBV:7;Human:17,Descriptive register-position diagnostic. Retain the full sensitivity table; do not use a favorable window combination to strengthen a claim post hoc.
EBV_TCELL_2268741::HUMAN_MYELIN_117032,28,5,EBV_TCELL_2268741,HUMAN_MYELIN_117032,IMNILRIYYSPSIM,KVCGSNLLSICKTAEFQMTFHLFIAAFVGAAA,LRIYYSPSI,5,FHLFIAAFV,20,assessable_top_core_hypothesis,0,0.0,144,0,5,0:138;2:1;3:1;4:1;5:3,EBV:1;Human:4 | EBV:2;Human:5 | EBV:3;Human:6,Descriptive register-position diagnostic. Retain the full sensitivity table; do not use a favorable window combination to strengthen a claim post hoc.
EBV_TCELL_2268934::HUMAN_MYELIN_112226,29,5,EBV_TCELL_2268934,HUMAN_MYELIN_112226,VTTFVHYANFHNYFVPN,MEVGWYRPPFSRVVHLYRNGK,FVHYANFHN,4,FSRVVHLYR,10,assessable_top_core_hypothesis,0,0.0,117,0,3,0:110;2:4;3:3,EBV:1;Human:11 | EBV:2;Human:12 | EBV:3;Human:13,Descriptive register-position diagnostic. Retain the full sensitivity table; do not use a favorable window combination to strengthen a claim post hoc.
EBV_TCELL_2268683::HUMAN_MYELIN_112214,30,5,EBV_TCELL_2268683,HUMAN_MYELIN_112214,EKQLFYYIGTMLPN,LSRFSWGAEGQRPGFGYGG,LFYYIGTML,4,WGAEGQRPG,6,assessable_top_core_hypothesis,0,0.0,66,0,5,0:65;5:1,EBV:1;Human:11,Descriptive register-position diagnostic. Retain the full sensitivity table; do not use a favorable window combination to strengthen a claim post hoc.
EBV_TCELL_149795::HUMAN_MYELIN_116079,31,5,EBV_TCELL_149795,HUMAN_MYELIN_116079,LDLDFGQLTPHTKAVYQPRG,ATASTMDHARHGFLPRHRDTGIL,LTPHTKAVY,8,MDHARHGFL,6,assessable_top_core_hypothesis,0,0.0,180,0,0,0:180,none; no same-register local alignment under any manifest-contained core combination,Descriptive register-position diagnostic. Retain the full sensitivity table; do not use a favorable window combination to strengthen a claim post hoc.
EBV_TCELL_950::HUMAN_MYELIN_114366,32,5,EBV_TCELL_950,HUMAN_MYELIN_114366,AEGLRALLARSHVER,GKGRGLSLSRFSWGAEGQRP,LRALLARSH,4,LSRFSWGAE,8,assessable_top_core_hypothesis,0,0.0,84,0,0,0:84,none; no same-register local alignment under any manifest-contained core combination,Descriptive register-position diagnostic. Retain the full sensitivity table; do not use a favorable window combination to strengthen a claim post hoc.
